timestamp,open,high,low,close,adjusted_close,volume,dividend_amount,split_coefficient
2024-06-17,312.67,317.4519,310.88,311.22,311.22,1326030,0.0,1.0
2024-06-14,307.23,316.7,305.85,313.02,313.02,2047135,0.0,1.0
2024-06-13,313.14,314.8365,300.79,306.01,306.01,2135640,0.0,1.0
2024-06-12,311.0,316.11,309.29,315.49,315.49,1139403,0.0,1.0
2024-06-11,319.0,319.375,306.08,310.0,310.0,1808771,0.0,1.0
2024-06-10,309.46,312.16,305.3656,309.0,309.0,1547978,0.0,1.0
2024-06-07,318.99,319.05,307.67,308.21,308.21,2137706,0.0,1.0
2024-06-06,325.0,328.63,318.1,319.51,319.51,1229189,0.0,1.0
2024-06-05,326.55,331.08,322.55,324.75,324.75,1822724,0.0,1.0
2024-06-04,312.64,326.76,310.5,326.68,326.68,3484818,0.0,1.0
2024-06-03,313.01,317.0,307.355,313.62,313.62,2279225,0.0,1.0
2024-05-31,301.89,304.65,292.21,296.78,296.78,1478286,0.0,1.0
2024-05-30,305.45,307.235,301.59,304.69,304.69,704206,0.0,1.0
2024-05-29,307.71,309.155,304.1,307.52,307.52,1102964,0.0,1.0
2024-05-28,307.0,311.9999,306.0,310.29,310.29,1080814,0.0,1.0
2024-05-24,298.0,309.64,298.0,308.16,308.16,1165619,0.0,1.0
2024-05-23,302.92,305.82,296.98,300.51,300.51,1013271,0.0,1.0
2024-05-22,306.0,306.69,295.71,298.76,298.76,1376846,0.0,1.0
2024-05-21,304.85,307.98,302.375,304.93,304.93,1028925,0.0,1.0
2024-05-20,303.0,312.69,303.0,308.21,308.21,1487473,0.0,1.0
2024-05-17,299.95,302.87,298.12,302.82,302.82,893624,0.0,1.0
2024-05-16,302.54,304.92,297.86,298.12,298.12,1316061,0.0,1.0
2024-05-15,298.85,303.07,295.39,303.04,303.04,2013583,0.0,1.0
2024-05-14,287.72,291.535,286.205,290.12,290.12,917898,0.0,1.0
2024-05-13,294.65,295.41,287.17,289.71,289.71,898844,0.0,1.0
2024-05-10,300.21,303.656,293.08,294.6,294.6,943896,0.0,1.0
2024-05-09,298.88,301.37,294.2623,298.66,298.66,844749,0.0,1.0
2024-05-08,297.55,303.295,296.17,298.65,298.65,2108727,0.0,1.0
2024-05-07,296.54,299.83,294.76,298.05,298.05,1332258,0.0,1.0
2024-05-06,298.0,300.04,294.62,299.48,299.48,1395052,0.0,1.0
2024-05-03,294.81,298.82,292.04,296.07,296.07,1503922,0.0,1.0
2024-05-02,287.515,294.39,283.39,294.17,294.17,1627972,0.0,1.0
2024-05-01,280.66,290.88,280.66,284.54,284.54,1671864,0.0,1.0
2024-04-30,287.0,288.45,280.37,280.44,280.44,1258095,0.0,1.0
2024-04-29,289.01,290.91,284.23,286.24,286.24,1851897,0.0,1.0
2024-04-26,292.65,294.0,284.84,289.59,289.59,2477228,0.0,1.0
2024-04-25,275.67,291.375,271.65,289.02,289.02,3711405,0.0,1.0
2024-04-24,301.35,305.64,278.14,281.23,281.23,8241547,0.0,1.0
2024-04-23,301.13,319.3,298.5,303.31,303.31,11386186,0.0,1.0
2024-04-22,280.97,280.97,267.76,272.24,272.24,5589180,0.0,1.0
2024-04-19,284.8,285.0,270.45,275.83,275.83,4245510,0.0,1.0
2024-04-18,294.78,296.801,288.67,289.2,289.2,2027178,0.0,1.0
2024-04-17,298.32,300.045,293.27,293.58,293.58,1471279,0.0,1.0
2024-04-16,291.13,300.93,289.01,298.08,298.08,1585650,0.0,1.0
2024-04-15,302.72,304.59,290.35,290.52,290.52,1944005,0.0,1.0
2024-04-12,301.0,303.355,299.0,300.45,300.45,1419981,0.0,1.0
2024-04-11,300.79,305.74,299.02,303.57,303.57,1134701,0.0,1.0
2024-04-10,297.79,303.45,296.0,299.99,299.99,1511202,0.0,1.0
2024-04-09,308.6,309.585,299.11,300.73,300.73,2539869,0.0,1.0
2024-04-08,309.2,313.1591,307.41,309.07,309.07,1716457,0.0,1.0
2024-04-05,298.68,313.068,298.68,310.31,310.31,2984951,0.0,1.0
2024-04-04,293.0,304.0,292.75,295.96,295.96,3548161,0.0,1.0
2024-04-03,285.04,293.0,279.0,291.77,291.77,4618749,0.0,1.0
2024-04-02,261.44,270.72,261.38,269.58,269.58,1797944,0.0,1.0
2024-04-01,262.97,267.24,260.8,266.43,266.43,1082567,0.0,1.0
2024-03-28,258.53,268.545,258.0,263.9,263.9,1371668,0.0,1.0
2024-03-27,267.0,269.72,257.56,260.2,260.2,1427218,0.0,1.0
2024-03-26,273.01,278.3,262.65,262.81,262.81,1956367,0.0,1.0
2024-03-25,263.01,264.95,260.89,261.92,261.92,824685,0.0,1.0
2024-03-22,259.38,265.46,258.89,264.95,264.95,868220,0.0,1.0
2024-03-21,264.21,264.67,258.5,259.64,259.64,1097571,0.0,1.0
2024-03-20,256.17,262.41,254.42,261.72,261.72,1587644,0.0,1.0
2024-03-19,253.95,254.78,249.58,252.76,252.76,1067565,0.0,1.0
2024-03-18,257.0,257.675,251.61,254.15,254.15,885934,0.0,1.0
2024-03-15,256.99,256.99,252.51,254.89,254.89,1432147,0.0,1.0
2024-03-14,257.55,259.4,255.59,257.13,257.13,840797,0.0,1.0
2024-03-13,258.27,260.49,255.38,257.26,257.26,923224,0.0,1.0
2024-03-12,255.5,259.736,254.955,258.09,258.09,1345699,0.0,1.0
2024-03-11,258.5,259.0,253.25,254.45,254.45,2484027,0.0,1.0
2024-03-08,269.5,272.44,259.24,259.4,259.4,1968096,0.0,1.0
2024-03-07,268.0,271.72,266.02,270.35,270.35,921483,0.0,1.0
2024-03-06,270.0,272.0775,267.42,268.03,268.03,1181270,0.0,1.0
2024-03-05,268.36,270.265,263.28,267.0,267.0,2482498,0.0,1.0
2024-03-04,263.56,271.56,262.49,270.0,270.0,2793041,0.0,1.0
2024-03-01,256.15,263.82,254.54,263.75,263.75,2303948,0.0,1.0
2024-02-29,254.36,257.36,252.765,256.41,256.41,1336493,0.0,1.0
2024-02-28,250.97,253.44,249.38,252.25,252.25,1657466,0.0,1.0
2024-02-27,255.82,255.99,250.54,253.02,253.02,1529954,0.0,1.0
2024-02-26,255.49,256.43,250.23,254.99,254.99,1754817,0.0,1.0
2024-02-23,249.28,256.29,247.95,256.1,256.1,2492750,0.0,1.0
2024-02-22,247.96,249.22,243.99,248.12,248.12,1728492,0.0,1.0
2024-02-21,243.29,245.64,240.73,245.09,245.09,1897482,0.0,1.0
2024-02-20,244.14,246.5,239.66,243.4,243.4,2222584,0.0,1.0
2024-02-16,245.46,248.5032,243.38,246.25,246.25,1548596,0.0,1.0
2024-02-15,244.17,247.7,242.19,245.51,245.51,1808165,0.0,1.0
2024-02-14,240.72,244.38,239.14,244.17,244.17,1623561,0.0,1.0
2024-02-13,231.34,238.52,228.07,238.0,238.0,1798271,0.0,1.0
2024-02-12,238.38,239.395,233.355,234.68,234.68,2824278,0.0,1.0
2024-02-09,239.55,242.21,238.0401,240.77,240.77,2049368,0.0,1.0
2024-02-08,238.0,244.29,237.6508,240.01,240.01,2749044,0.0,1.0
2024-02-07,230.02,243.01,227.52,240.83,240.83,4757663,0.0,1.0
2024-02-06,241.01,248.67,228.972,231.92,231.92,7779931,0.0,1.0
2024-02-05,220.55,223.83,219.36,223.25,223.25,3812138,0.0,1.0
2024-02-02,221.34,224.45,218.57,222.47,222.47,1725063,0.0,1.0
2024-02-01,217.25,219.9376,216.68,218.96,218.96,1174372,0.0,1.0
2024-01-31,214.01,219.52,213.31,215.35,215.35,1191662,0.0,1.0
2024-01-30,222.3,224.0,217.46,217.62,217.62,1796956,0.0,1.0
2024-01-29,216.0,219.2,214.8,218.61,218.61,1287023,0.0,1.0
2024-01-26,213.06,215.0699,211.77,214.29,214.29,1545406,0.0,1.0
2024-01-25,211.43,214.19,210.34,214.18,214.18,1217990,0.0,1.0
2024-01-24,213.0,215.32,209.18,211.14,211.14,1896020,0.0,1.0
2024-01-23,205.32,207.49,204.575,206.71,206.71,1147980,0.0,1.0
2024-01-22,206.0,208.38,204.22,205.67,205.67,1168989,0.0,1.0
2024-01-19,205.93,206.45,202.3,204.71,204.71,1323747,0.0,1.0
2024-01-18,200.81,209.875,200.81,204.82,204.82,2474536,0.0,1.0
2024-01-17,196.64,199.79,191.88,198.68,198.68,3335675,0.0,1.0
2024-01-16,201.16,203.75,198.01,203.35,203.35,2141139,0.0,1.0
2024-01-12,200.95,204.03,198.45,203.03,203.03,1927777,0.0,1.0
2024-01-11,198.27,200.94,194.66,200.82,200.82,2041327,0.0,1.0
2024-01-10,193.25,199.64,193.25,196.79,196.79,1860773,0.0,1.0
2024-01-09,196.98,198.24,192.35,193.02,193.02,1130871,0.0,1.0
2024-01-08,195.2,197.7451,193.32,197.25,197.25,1545074,0.0,1.0
2024-01-05,192.62,195.08,192.24,193.52,193.52,1394910,0.0,1.0
2024-01-04,190.0,195.52,187.45,192.58,192.58,2576773,0.0,1.0
2024-01-03,187.34,189.49,185.71,187.94,187.94,977346,0.0,1.0
2024-01-02,188.05,190.28,185.37,188.8,188.8,1385808,0.0,1.0
2023-12-29,189.31,189.97,187.89,187.91,187.91,1389730,0.0,1.0
2023-12-28,191.67,192.44,188.72,188.75,188.75,721931,0.0,1.0
2023-12-27,190.36,192.0312,190.03,190.27,190.27,741546,0.0,1.0
2023-12-26,189.99,191.42,189.23,189.88,189.88,1120965,0.0,1.0
2023-12-22,192.83,193.42,188.56,189.59,189.59,1328245,0.0,1.0
2023-12-21,195.31,195.715,192.605,192.85,192.85,1556983,0.0,1.0
2023-12-20,190.24,192.25,188.01,188.71,188.71,1133972,0.0,1.0
2023-12-19,192.58,193.9724,190.211,190.83,190.83,1495540,0.0,1.0
2023-12-18,190.74,194.75,189.17,193.04,193.04,2576883,0.0,1.0
2023-12-15,195.1,195.455,191.42,192.17,192.17,2245951,0.0,1.0
2023-12-14,198.35,200.82,195.52,196.15,196.15,2048754,0.0,1.0
2023-12-13,199.02,202.33,196.301,199.49,199.49,2161520,0.0,1.0
2023-12-12,197.13,199.99,195.7,199.0,199.0,1254512,0.0,1.0
2023-12-11,200.0,200.0,196.32,197.76,197.76,1593240,0.0,1.0
2023-12-08,192.26,198.39,191.0,198.05,198.05,1729918,0.0,1.0
2023-12-07,193.95,196.3,193.02,195.82,195.82,1238718,0.0,1.0
2023-12-06,199.0,202.88,193.58,193.79,193.79,1863534,0.0,1.0
2023-12-05,192.9,199.97,191.26,199.32,199.32,3133142,0.0,1.0
2023-12-04,193.0,201.415,192.0,194.17,194.17,6862758,0.0,1.0
2023-12-01,180.73,183.34,179.66,180.69,180.69,1628242,0.0,1.0
2023-11-30,183.03,185.59,180.6462,185.11,185.11,1597433,0.0,1.0
2023-11-29,183.0,184.28,180.42,182.31,182.31,1013346,0.0,1.0
2023-11-28,183.0,184.92,182.04,182.61,182.61,845855,0.0,1.0
2023-11-27,182.0,184.485,181.36,183.04,183.04,1204475,0.0,1.0
2023-11-24,179.22,182.305,178.73,181.7,181.7,499093,0.0,1.0
2023-11-22,179.63,182.5,179.0,181.2,181.2,1231020,0.0,1.0
2023-11-21,178.54,180.18,178.01,178.68,178.68,1479568,0.0,1.0
2023-11-20,175.04,180.95,175.0,179.86,179.86,1319029,0.0,1.0
2023-11-17,175.72,177.02,174.67,176.05,176.05,1024280,0.0,1.0
2023-11-16,171.85,176.34,170.62,175.28,175.28,1301688,0.0,1.0
2023-11-15,174.43,176.65,173.68,173.76,173.76,1248130,0.0,1.0
2023-11-14,174.56,175.0,171.05,174.41,174.41,1236119,0.0,1.0
2023-11-13,170.0,173.23,169.02,171.17,171.17,1307666,0.0,1.0
2023-11-10,169.52,171.67,167.6401,170.98,170.98,977414,0.0,1.0
2023-11-09,171.2,175.15,170.21,170.28,170.28,1450953,0.0,1.0
2023-11-08,165.87,170.3,164.83,169.97,169.97,1403286,0.0,1.0
2023-11-07,168.45,168.77,165.28,165.5,165.5,1473976,0.0,1.0
2023-11-06,169.58,169.695,165.59,167.24,167.24,1127338,0.0,1.0
2023-11-03,167.5,170.95,167.05,169.98,169.98,1370135,0.0,1.0
2023-11-02,170.5,171.0,167.24,167.31,167.31,2155118,0.0,1.0
2023-11-01,165.0,167.9,163.65,167.63,167.63,1366114,0.0,1.0
2023-10-31,163.03,165.57,161.39,164.76,164.76,1566463,0.0,1.0
2023-10-30,161.2,164.27,159.75,162.67,162.67,1959277,0.0,1.0
2023-10-27,158.59,162.06,158.1,159.35,159.35,1971378,0.0,1.0
2023-10-26,162.75,165.35,155.0,158.38,158.38,2981522,0.0,1.0
2023-10-25,169.94,170.5,160.05,161.82,161.82,4657773,0.0,1.0
2023-10-24,163.98,173.45,163.0,170.63,170.63,7498632,0.0,1.0
2023-10-23,146.06,155.83,145.79,154.61,154.61,3272705,0.0,1.0
2023-10-20,149.3,151.45,145.76,149.92,149.92,1941871,0.0,1.0
2023-10-19,152.61,154.53,149.56,149.97,149.97,1678053,0.0,1.0
2023-10-18,156.0,156.175,148.66,148.92,148.92,1736079,0.0,1.0
2023-10-17,157.45,159.36,156.57,157.33,157.33,1048604,0.0,1.0
2023-10-16,153.52,158.26,152.79,158.12,158.12,1396276,0.0,1.0
2023-10-13,156.86,157.69,152.9,153.56,153.56,1759043,0.0,1.0
2023-10-12,159.52,162.46,156.02,158.12,158.12,1992673,0.0,1.0
2023-10-11,157.42,159.7399,153.31,156.57,156.57,1531630,0.0,1.0
2023-10-10,156.21,160.15,155.215,157.6,157.6,1601365,0.0,1.0
2023-10-09,155.84,157.83,153.165,156.45,156.45,1411991,0.0,1.0
2023-10-06,155.64,161.38,154.83,160.53,160.53,1156457,0.0,1.0
2023-10-05,158.73,159.57,154.62,157.31,157.31,1299274,0.0,1.0
2023-10-04,154.21,159.98,154.12,159.58,159.58,1433610,0.0,1.0
2023-10-03,157.44,159.56,152.32,154.51,154.51,1226240,0.0,1.0
2023-10-02,155.29,159.61,154.69,158.11,158.11,999236,0.0,1.0
2023-09-29,157.35,158.9,154.52,154.64,154.64,1477557,0.0,1.0
2023-09-28,150.8,154.55,147.86,153.53,153.53,995393,0.0,1.0
2023-09-27,153.33,155.48,152.05,153.75,153.75,703679,0.0,1.0
2023-09-26,154.02,157.0,151.28,152.36,152.36,1327392,0.0,1.0
2023-09-25,155.67,156.35,151.49,155.52,155.52,1437008,0.0,1.0
2023-09-22,156.38,159.55,155.93,156.35,156.35,1206012,0.0,1.0
2023-09-21,158.52,158.79,153.69,154.06,154.06,1610986,0.0,1.0
2023-09-20,163.03,167.74,160.71,160.77,160.77,1709002,0.0,1.0
2023-09-19,158.5,160.9,156.28,160.17,160.17,1282516,0.0,1.0
2023-09-18,157.36,160.2,155.54,159.24,159.24,1208843,0.0,1.0
2023-09-15,156.68,158.66,153.91,158.58,158.58,1497775,0.0,1.0
2023-09-14,155.29,158.8,154.65,157.15,157.15,1491636,0.0,1.0
2023-09-13,153.14,155.57,151.11,155.49,155.49,1249619,0.0,1.0
2023-09-12,156.65,158.27,154.02,154.65,154.65,1059731,0.0,1.0
2023-09-11,155.99,158.07,154.815,157.66,157.66,1102246,0.0,1.0
2023-09-08,159.83,161.19,154.4001,155.47,155.47,1713575,0.0,1.0
2023-09-07,158.57,161.95,157.79,160.1,160.1,1892689,0.0,1.0
2023-09-06,161.9,163.65,159.055,160.47,160.47,2066498,0.0,1.0
2023-09-05,156.03,160.845,154.87,159.32,159.32,1710449,0.0,1.0
2023-09-01,155.56,158.51,155.2,157.56,157.56,1454548,0.0,1.0
2023-08-31,149.95,154.92,149.82,153.97,153.97,2305376,0.0,1.0
2023-08-30,144.64,149.6,144.395,149.45,149.45,1624848,0.0,1.0
2023-08-29,140.61,144.8,140.5,144.51,144.51,1045871,0.0,1.0
2023-08-28,138.89,142.15,138.26,141.26,141.26,1530635,0.0,1.0
2023-08-25,138.81,138.81,133.69,137.22,137.22,1360642,0.0,1.0
2023-08-24,139.18,140.32,135.26,135.76,135.76,1415814,0.0,1.0
2023-08-23,133.22,139.01,133.11,138.24,138.24,1629303,0.0,1.0
2023-08-22,133.0,134.03,131.045,133.44,133.44,871004,0.0,1.0
2023-08-21,131.92,132.97,130.0,132.49,132.49,1234780,0.0,1.0
2023-08-18,129.9,132.475,129.23,131.87,131.87,1587271,0.0,1.0
2023-08-17,134.35,134.8543,131.19,131.57,131.57,1129296,0.0,1.0
2023-08-16,132.6,136.14,132.28,134.35,134.35,1584881,0.0,1.0
2023-08-15,138.38,138.58,133.27,133.43,133.43,2125331,0.0,1.0
2023-08-14,137.3,139.665,135.34,139.38,139.38,1942914,0.0,1.0
2023-08-11,136.39,139.195,135.895,138.68,138.68,1578499,0.0,1.0
2023-08-10,140.34,140.699,135.22,136.43,136.43,2643578,0.0,1.0
2023-08-09,138.47,140.18,137.42,139.09,139.09,1671193,0.0,1.0
2023-08-08,141.14,141.42,137.22,138.37,138.37,2483942,0.0,1.0
2023-08-07,145.1,145.1,141.1,141.99,141.99,1646152,0.0,1.0
2023-08-04,145.27,146.5,143.04,144.12,144.12,1456965,0.0,1.0
2023-08-03,144.57,147.42,143.74,145.42,145.42,1683946,0.0,1.0
2023-08-02,149.21,150.19,143.84,146.51,146.51,2164881,0.0,1.0
2023-08-01,148.61,152.8,148.05,150.84,150.84,1686001,0.0,1.0
2023-07-31,149.7,151.31,148.09,149.41,149.41,1881583,0.0,1.0
2023-07-28,146.05,149.33,142.63,148.6,148.6,2966669,0.0,1.0
2023-07-27,151.47,151.8,142.885,144.52,144.52,5155072,0.0,1.0
2023-07-26,141.69,149.21,141.1,149.13,149.13,7091364,0.0,1.0
2023-07-25,150.1,152.65,139.1532,140.38,140.38,14609941,0.0,1.0
2023-07-24,169.52,169.52,159.67,163.72,163.72,3944857,0.0,1.0
2023-07-21,173.49,179.6,171.18,171.71,171.71,2560191,0.0,1.0
2023-07-20,177.01,177.59,171.44,172.48,172.48,1918487,0.0,1.0
2023-07-19,180.0,182.0,178.06,179.84,179.84,1599521,0.0,1.0
2023-07-18,178.5,179.815,175.79,179.58,179.58,2151627,0.0,1.0
2023-07-17,171.77,179.42,170.77,179.17,179.17,2292964,0.0,1.0
2023-07-14,176.2,179.24,170.92,172.03,172.03,3640583,0.0,1.0
2023-07-13,167.0,173.11,164.51,171.1,171.1,2410825,0.0,1.0
2023-07-12,162.0,166.12,161.375,165.79,165.79,1540681,0.0,1.0
2023-07-11,157.34,161.77,156.66,160.58,160.58,1160571,0.0,1.0
2023-07-10,156.03,159.285,155.3721,157.39,157.39,846759,0.0,1.0
2023-07-07,156.52,158.64,156.06,156.97,156.97,800804,0.0,1.0
2023-07-06,158.78,159.08,155.37,156.62,156.62,1021846,0.0,1.0
2023-07-05,160.69,161.21,158.29,160.73,160.73,732233,0.0,1.0
2023-07-03,160.85,162.37,159.8,160.56,160.56,550312,0.0,1.0
2023-06-30,160.1,161.31,159.055,160.55,160.55,1357685,0.0,1.0
2023-06-29,160.53,161.215,158.8898,159.26,159.26,924777,0.0,1.0
2023-06-28,158.32,161.66,157.48,160.57,160.57,805556,0.0,1.0
2023-06-27,156.14,159.75,155.57,158.62,158.62,1041941,0.0,1.0
2023-06-26,156.41,158.21,152.71,153.78,153.78,1720330,0.0,1.0
2023-06-23,157.05,158.31,154.65,157.49,157.49,1263792,0.0,1.0
2023-06-22,154.45,159.17,153.5,159.09,159.09,1280893,0.0,1.0
2023-06-21,159.3,160.8,152.8,155.93,155.93,2620542,0.0,1.0
2023-06-20,156.2,158.78,154.82,156.82,156.82,1586267,0.0,1.0
2023-06-16,153.31,160.63,153.2,159.99,159.99,3532881,0.0,1.0
2023-06-15,150.08,152.24,148.2,152.18,152.18,1374456,0.0,1.0
2023-06-14,151.96,153.08,149.265,151.65,151.65,1750862,0.0,1.0
2023-06-13,151.53,152.74,149.37,151.54,151.54,1917745,0.0,1.0
2023-06-12,150.89,151.37,149.12,150.6,150.6,1522243,0.0,1.0
2023-06-09,149.5,151.73,148.36,150.48,150.48,2033197,0.0,1.0
2023-06-08,150.27,151.69,148.4701,149.47,149.47,1219002,0.0,1.0
2023-06-07,153.0,155.68,147.54,148.31,148.31,1558223,0.0,1.0
2023-06-06,154.1,154.87,152.465,153.03,153.03,1127719,0.0,1.0
2023-06-05,151.1,157.13,150.25,156.34,156.34,1837600,0.0,1.0
2023-06-02,154.3,155.0,148.77,151.74,151.74,1164038,0.0,1.0
2023-06-01,150.2,154.6,149.07,153.92,153.92,1121440,0.0,1.0
2023-05-31,146.08,149.95,145.4,148.9,148.9,1091940,0.0,1.0
2023-05-30,151.85,151.85,144.57,148.01,148.01,2294417,0.0,1.0
2023-05-26,148.0,151.01,146.82,150.31,150.31,1009976,0.0,1.0
2023-05-25,149.35,149.85,147.54,147.65,147.65,1107421,0.0,1.0
2023-05-24,145.7,148.535,144.81,147.04,147.04,1085505,0.0,1.0
2023-05-23,148.16,151.16,147.48,147.67,147.67,1445619,0.0,1.0
2023-05-22,148.65,150.82,148.21,148.6,148.6,973202,0.0,1.0
2023-05-19,151.21,152.3,148.45,149.43,149.43,1221572,0.0,1.0
2023-05-18,145.46,152.07,144.76,151.48,151.48,1667130,0.0,1.0
2023-05-17,146.79,147.55,145.45,146.0,146.0,1226158,0.0,1.0
2023-05-16,144.22,146.84,143.04,146.32,146.32,1355173,0.0,1.0
2023-05-15,141.87,144.3,141.1,144.22,144.22,1502515,0.0,1.0
2023-05-12,146.7,147.08,141.1201,142.53,142.53,1686952,0.0,1.0
2023-05-11,148.16,149.62,146.617,147.06,147.06,1319478,0.0,1.0
2023-05-10,145.0,147.99,143.57,147.74,147.74,1715127,0.0,1.0
2023-05-09,143.58,144.84,142.92,143.7,143.7,1374035,0.0,1.0
2023-05-08,141.96,146.0,141.96,144.53,144.53,1851170,0.0,1.0
2023-05-05,141.32,142.39,139.2904,141.75,141.75,1234203,0.0,1.0
2023-05-04,137.48,140.9499,136.59,140.48,140.48,1607934,0.0,1.0
2023-05-03,135.91,140.99,135.91,138.06,138.06,1670083,0.0,1.0
2023-05-02,138.02,138.16,135.04,136.39,136.39,1390027,0.0,1.0
2023-05-01,134.0,138.5,133.88,138.43,138.43,1530793,0.0,1.0
2023-04-28,131.04,133.6,128.67,133.6,133.6,1643997,0.0,1.0
2023-04-27,133.96,134.075,130.9001,132.17,132.17,1991547,0.0,1.0
2023-04-26,138.53,140.09,133.03,133.12,133.12,2434925,0.0,1.0
2023-04-25,140.5,145.8797,136.71,138.2,138.2,8215926,0.0,1.0
2023-04-24,133.1,134.219,130.205,131.45,131.45,2946809,0.0,1.0
2023-04-21,134.12,134.12,131.56,133.76,133.76,1362079,0.0,1.0
2023-04-20,132.24,134.77,132.24,133.33,133.33,778402,0.0,1.0
2023-04-19,132.61,135.38,131.73,133.56,133.56,1015187,0.0,1.0
2023-04-18,136.16,136.2875,133.565,134.57,134.57,1052237,0.0,1.0
2023-04-17,134.07,134.375,131.46,133.78,133.78,1057672,0.0,1.0
2023-04-14,134.03,135.82,132.77,134.74,134.74,978833,0.0,1.0
2023-04-13,132.4,135.13,132.2101,134.96,134.96,1120675,0.0,1.0
2023-04-12,133.09,134.285,130.44,130.92,130.92,1117010,0.0,1.0
2023-04-11,133.36,134.89,130.86,131.28,131.28,912136,0.0,1.0
2023-04-10,130.09,132.74,129.05,132.25,132.25,782440,0.0,1.0
2023-04-06,130.08,133.29,129.07,132.48,132.48,778906,0.0,1.0
2023-04-05,133.99,134.23,130.3,131.25,131.25,1046820,0.0,1.0
2023-04-04,135.99,136.66,133.68,134.88,134.88,1000236,0.0,1.0
2023-04-03,132.37,136.725,131.77,136.44,136.44,1265908,0.0,1.0
2023-03-31,130.97,134.36,130.5201,133.62,133.62,1572510,0.0,1.0
2023-03-30,130.9,131.62,129.86,130.83,130.83,842381,0.0,1.0
2023-03-29,129.59,130.25,128.57,129.87,129.87,803812,0.0,1.0
2023-03-28,128.63,128.945,126.83,128.12,128.12,1148792,0.0,1.0
2023-03-27,128.75,131.77,128.38,129.48,129.48,1670372,0.0,1.0
2023-03-24,130.19,130.56,127.13,128.3,128.3,1452059,0.0,1.0
2023-03-23,129.0,133.505,128.78,131.05,131.05,1146332,0.0,1.0
2023-03-22,132.28,133.31,127.902,128.2,128.2,1793769,0.0,1.0
2023-03-21,127.5,129.62,126.715,128.81,128.81,1475092,0.0,1.0
2023-03-20,125.34,127.45,124.57,126.41,126.41,1525919,0.0,1.0
2023-03-17,128.75,129.69,126.235,127.09,127.09,1665426,0.0,1.0
2023-03-16,125.66,130.08,124.235,129.21,129.21,1407792,0.0,1.0
2023-03-15,123.41,125.88,121.47,125.65,125.65,1653622,0.0,1.0
2023-03-14,125.12,127.58,124.44,125.54,125.54,1638828,0.0,1.0
2023-03-13,120.2,125.05,118.5454,123.39,123.39,1569476,0.0,1.0
2023-03-10,123.68,123.7,119.81,121.66,121.66,1571122,0.0,1.0
2023-03-09,127.0,131.3259,123.6,123.93,123.93,2346043,0.0,1.0
2023-03-08,126.0,127.64,124.745,126.99,126.99,1272943,0.0,1.0
2023-03-07,127.11,129.6,125.07,126.33,126.33,2110459,0.0,1.0
2023-03-06,124.04,128.3199,124.04,126.38,126.38,2092609,0.0,1.0
2023-03-03,119.6,123.9,119.54,123.74,123.74,1779526,0.0,1.0
2023-03-02,115.06,119.01,114.6401,118.48,118.48,870041,0.0,1.0
2023-03-01,117.92,118.225,115.91,117.2,117.2,1314629,0.0,1.0
2023-02-28,116.48,119.39,116.2181,116.3,116.3,1198707,0.0,1.0
2023-02-27,117.76,118.5,115.48,116.84,116.84,1593663,0.0,1.0
2023-02-24,116.44,117.41,114.9,117.14,117.14,1612323,0.0,1.0
2023-02-23,121.05,121.7,116.5,118.86,118.86,1356733,0.0,1.0
2023-02-22,120.25,120.9199,118.19,120.07,120.07,1919322,0.0,1.0
2023-02-21,121.11,123.78,119.26,120.35,120.35,1731536,0.0,1.0
2023-02-17,123.93,125.57,122.49,125.33,125.33,1438784,0.0,1.0
2023-02-16,125.74,128.98,125.47,125.57,125.57,1639576,0.0,1.0
2023-02-15,125.37,128.68,124.89,128.27,128.27,1721719,0.0,1.0
2023-02-14,121.52,126.26,120.32,126.1,126.1,1435092,0.0,1.0
2023-02-13,125.87,126.44,122.3,122.32,122.32,1958480,0.0,1.0
2023-02-10,125.0,127.79,124.12,125.16,125.16,3801159,0.0,1.0
2023-02-09,125.8,126.66,120.12,120.83,120.83,1433615,0.0,1.0
2023-02-08,124.4,125.27,122.86,123.68,123.68,1494764,0.0,1.0
2023-02-07,121.77,126.04,121.36,125.38,125.38,2884809,0.0,1.0
2023-02-06,123.5,125.63,121.3701,122.92,122.92,3348279,0.0,1.0
2023-02-03,118.08,123.82,118.0008,121.17,121.17,2553256,0.0,1.0
2023-02-02,120.78,123.98,118.85,122.57,122.57,5198385,0.0,1.0
2023-02-01,113.37,119.6,111.63,118.14,118.14,4556548,0.0,1.0
2023-01-31,109.37,113.3,106.31,112.72,112.72,9596967,0.0,1.0
2023-01-30,101.07,102.43,99.8,100.0,100.0,2322834,0.0,1.0
2023-01-27,100.52,103.31,100.32,102.24,102.24,1753825,0.0,1.0
2023-01-26,101.29,102.17,99.69,101.3,101.3,1505320,0.0,1.0
2023-01-25,97.18,100.06,94.35,100.03,100.03,2180443,0.0,1.0
2023-01-24,99.0,100.51,97.95,99.29,99.29,1482218,0.0,1.0
2023-01-23,102.39,104.0,99.38,99.94,99.94,4690795,0.0,1.0
2023-01-20,96.1,98.28,95.61,97.91,97.91,2761302,0.0,1.0
2023-01-19,91.37,94.52,91.145,93.58,93.58,2280827,0.0,1.0
2023-01-18,92.73,93.56,90.94,92.73,92.73,2235423,0.0,1.0
2023-01-17,92.08,92.73,90.59,91.75,91.75,1752142,0.0,1.0
2023-01-13,90.68,92.08,90.356,92.06,92.06,2135224,0.0,1.0
2023-01-12,89.14,91.67,88.41,91.2,91.2,1774620,0.0,1.0
2023-01-11,91.32,93.28,90.08,91.75,91.75,1631182,0.0,1.0
2023-01-10,84.86,91.0,84.69,90.79,90.79,2044774,0.0,1.0
2023-01-09,84.45,86.32,83.7722,85.04,85.04,1376855,0.0,1.0
2023-01-06,82.65,84.25,79.85,83.54,83.54,1185283,0.0,1.0
2023-01-05,80.61,82.61,79.14,81.58,81.58,1557126,0.0,1.0
2023-01-04,83.0,83.37,80.87,81.33,81.33,1842924,0.0,1.0
2023-01-03,81.88,81.99,79.24,81.9,81.9,1286955,0.0,1.0
2022-12-30,76.77,79.05,76.53,78.95,78.95,1255839,0.0,1.0
2022-12-29,78.0,79.44,77.6933,79.01,79.01,979175,0.0,1.0
2022-12-28,76.09,78.24,76.07,76.61,76.61,1616280,0.0,1.0
2022-12-27,76.65,76.92,73.93,76.52,76.52,1178634,0.0,1.0
2022-12-23,77.6,78.18,76.19,77.7,77.7,943999,0.0,1.0
2022-12-22,75.92,78.06,75.74,77.96,77.96,1646041,0.0,1.0
2022-12-21,76.93,79.395,76.5,77.49,77.49,1509179,0.0,1.0
2022-12-20,72.2,77.35,72.2,76.51,76.51,2010342,0.0,1.0
2022-12-19,74.54,74.8,72.84,73.26,73.26,1292796,0.0,1.0
2022-12-16,72.12,75.26,71.72,74.74,74.74,3499942,0.0,1.0
2022-12-15,77.31,78.27,72.32,72.36,72.36,3263979,0.0,1.0
2022-12-14,80.24,81.32,78.21,79.32,79.32,1186692,0.0,1.0
2022-12-13,83.95,87.48,80.05,80.96,80.96,3864976,0.0,1.0
2022-12-12,77.91,79.82,77.06,79.73,79.73,1413885,0.0,1.0
2022-12-09,78.16,80.0,77.635,78.17,78.17,1529561,0.0,1.0
2022-12-08,76.0,78.17,74.66,77.8,77.8,1314780,0.0,1.0
2022-12-07,74.52,75.97,73.6,75.72,75.72,1279715,0.0,1.0
2022-12-06,78.31,78.48,74.55,75.16,75.16,1647156,0.0,1.0
2022-12-05,79.5,81.645,77.93,78.31,78.31,1171979,0.0,1.0
2022-12-02,77.86,80.42,76.695,80.31,80.31,1154054,0.0,1.0
2022-12-01,80.25,82.35,78.95,79.45,79.45,1021692,0.0,1.0
2022-11-30,75.39,79.72,74.51,79.42,79.42,1514815,0.0,1.0
2022-11-29,77.0,77.6689,74.895,75.1,75.1,1007113,0.0,1.0
2022-11-28,77.75,79.375,76.44,76.73,76.73,1136995,0.0,1.0
2022-11-25,77.85,79.285,77.1854,78.73,78.73,602181,0.0,1.0
2022-11-23,75.5,78.6,74.78,78.26,78.26,905648,0.0,1.0
2022-11-22,72.97,75.35,70.18,75.25,75.25,1614297,0.0,1.0
2022-11-21,75.89,75.89,73.75,74.12,74.12,1392719,0.0,1.0
2022-11-18,80.87,80.87,76.02,76.99,76.99,1601585,0.0,1.0
2022-11-17,80.0,80.1,77.67,79.45,79.45,1941441,0.0,1.0
2022-11-16,83.54,84.21,82.26,82.5,82.5,953361,0.0,1.0
2022-11-15,85.99,86.8414,83.71,85.11,85.11,1326154,0.0,1.0
2022-11-14,82.21,83.81,81.46,82.5,82.5,1338631,0.0,1.0
2022-11-11,79.6,83.78,78.11,83.71,83.71,1987087,0.0,1.0
2022-11-10,75.93,78.6,75.65,78.44,78.44,2078813,0.0,1.0
2022-11-09,71.93,72.33,70.01,71.4,71.4,1680932,0.0,1.0
2022-11-08,73.2,74.745,71.29,73.27,73.27,1321620,0.0,1.0
2022-11-07,72.65,73.63,71.285,73.44,73.44,1520863,0.0,1.0
2022-11-04,73.23,73.49,69.285,71.05,71.05,2055042,0.0,1.0
2022-11-03,73.67,74.2499,71.45,71.72,71.72,3530774,0.0,1.0
2022-11-02,79.8,79.86,74.85,75.0,75.0,3245404,0.0,1.0
2022-11-01,81.6,84.63,80.13,80.17,80.17,2690246,0.0,1.0
2022-10-31,83.0,83.66,80.3201,80.58,80.58,1994672,0.0,1.0
2022-10-28,81.42,83.36,80.53,83.36,83.36,2460712,0.0,1.0
2022-10-27,84.23,84.52,80.02,81.74,81.74,3597243,0.0,1.0
2022-10-26,91.53,91.98,84.0,84.42,84.42,8016928,0.0,1.0
2022-10-25,95.57,98.64,95.08,97.05,97.05,3226157,0.0,1.0
2022-10-24,88.96,97.07,84.08,94.66,94.66,6219435,0.0,1.0
2022-10-21,85.55,89.2699,84.52,88.7,88.7,1737778,0.0,1.0
2022-10-20,87.25,90.43,86.62,87.74,87.74,1314250,0.0,1.0
2022-10-19,89.36,90.6108,87.58,88.75,88.75,1308061,0.0,1.0
2022-10-18,89.41,90.26,86.5187,88.04,88.04,1810893,0.0,1.0
2022-10-17,84.5,87.35,84.19,86.72,86.72,1189281,0.0,1.0
2022-10-14,84.36,85.88,81.72,81.79,81.79,1644632,0.0,1.0
2022-10-13,79.86,84.43,78.5,82.65,82.65,2378241,0.0,1.0
2022-10-12,82.15,84.825,80.0,83.18,83.18,4097041,0.0,1.0
2022-10-11,85.0,85.78,80.51,82.13,82.13,1973691,0.0,1.0
2022-10-10,88.01,88.49,85.92,85.97,85.97,1305244,0.0,1.0
2022-10-07,90.06,90.29,87.38,88.01,88.01,1276464,0.0,1.0
2022-10-06,91.93,93.285,90.37,92.25,92.25,1425152,0.0,1.0
2022-10-05,92.28,93.68,89.11,91.4,91.4,1681851,0.0,1.0
2022-10-04,91.93,95.46,91.325,94.63,94.63,2057097,0.0,1.0
2022-10-03,87.5,89.45,86.28,89.0,89.0,3551172,0.0,1.0
2022-09-30,86.49,89.42,86.0,86.3,86.3,1859038,0.0,1.0
2022-09-29,90.95,91.21,85.9191,86.84,86.84,1525105,0.0,1.0
2022-09-28,90.05,93.29,89.395,92.88,92.88,1016926,0.0,1.0
2022-09-27,91.01,92.695,88.455,89.5,89.5,1268388,0.0,1.0
2022-09-26,89.0,91.6899,88.895,89.14,89.14,1578429,0.0,1.0
2022-09-23,90.51,92.37,88.69,89.34,89.34,1782094,0.0,1.0
2022-09-22,94.9,95.59,92.44,92.45,92.45,1002996,0.0,1.0
2022-09-21,96.96,99.4274,95.12,95.39,95.39,873541,0.0,1.0
2022-09-20,98.02,99.25,96.945,97.26,97.26,1323399,0.0,1.0
2022-09-19,99.78,100.4455,98.03,99.7,99.7,1714790,0.0,1.0
2022-09-16,102.26,102.26,99.7,100.34,100.34,1348243,0.0,1.0
2022-09-15,100.48,105.46,100.33,103.96,103.96,1336610,0.0,1.0
2022-09-14,101.74,102.87,98.6,102.45,102.45,1210352,0.0,1.0
2022-09-13,106.0,106.46,101.67,101.96,101.96,1728997,0.0,1.0
2022-09-12,111.54,113.18,109.84,111.34,111.34,1407939,0.0,1.0
2022-09-09,106.31,110.58,106.11,110.28,110.28,1617703,0.0,1.0
2022-09-08,104.36,106.55,103.72,105.18,105.18,857910,0.0,1.0
2022-09-07,102.35,106.28,102.35,105.86,105.86,652327,0.0,1.0
2022-09-06,104.06,104.37,100.62,102.59,102.59,961128,0.0,1.0
2022-09-02,107.55,108.29,103.36,104.42,104.42,1405435,0.0,1.0
2022-09-01,106.06,107.09,102.18,106.52,106.52,1570662,0.0,1.0
2022-08-31,109.5,110.08,107.35,108.15,108.15,1050490,0.0,1.0
2022-08-30,110.32,111.51,105.77,107.23,107.23,951661,0.0,1.0
2022-08-29,107.45,110.7,106.87,108.56,108.56,963988,0.0,1.0
2022-08-26,113.91,114.19,109.03,109.31,109.31,908633,0.0,1.0
2022-08-25,111.64,113.6,110.67,113.53,113.53,860506,0.0,1.0
2022-08-24,108.09,112.105,108.05,110.05,110.05,701995,0.0,1.0
2022-08-23,109.63,110.92,107.42,108.03,108.03,895886,0.0,1.0
2022-08-22,108.68,110.91,107.66,109.6,109.6,1213752,0.0,1.0
2022-08-19,113.0,113.44,110.07,111.43,111.43,963375,0.0,1.0
2022-08-18,113.63,115.44,112.01,114.39,114.39,1102399,0.0,1.0
2022-08-17,117.97,118.28,113.78,114.15,114.15,1411550,0.0,1.0
2022-08-16,121.48,121.7401,117.86,120.1,120.1,872731,0.0,1.0
2022-08-15,122.83,124.67,121.45,122.6,122.6,1021651,0.0,1.0
2022-08-12,124.17,124.68,121.85,123.63,123.63,910242,0.0,1.0
2022-08-11,122.6,126.27,120.94,122.73,122.73,1985606,0.0,1.0
2022-08-10,119.55,120.9,116.66,120.09,120.09,1370217,0.0,1.0
2022-08-09,118.23,118.755,113.64,115.56,115.56,1090952,0.0,1.0
2022-08-08,119.86,123.415,118.73,119.7,119.7,998019,0.0,1.0
2022-08-05,118.46,120.56,116.8294,118.73,118.73,1304139,0.0,1.0
2022-08-04,120.58,124.6299,120.1,122.4,122.4,1459387,0.0,1.0
2022-08-03,117.6,120.56,116.57,120.46,120.46,1698544,0.0,1.0
2022-08-02,113.79,117.1797,113.42,116.0,116.0,1116301,0.0,1.0
2022-08-01,111.44,115.835,110.2,115.35,115.35,1683985,0.0,1.0
2022-07-29,112.9,115.3499,110.36,113.02,113.02,1708138,0.0,1.0
2022-07-28,115.53,117.2465,110.76,114.59,114.59,2637397,0.0,1.0
2022-07-27,118.04,121.64,114.2351,116.61,116.61,7373255,0.0,1.0
2022-07-26,105.94,107.3499,103.395,103.97,103.97,2752557,0.0,1.0
2022-07-25,110.6,112.18,108.53,110.42,110.42,1595692,0.0,1.0
2022-07-22,113.19,116.36,110.2,111.65,111.65,2046275,0.0,1.0
2022-07-21,112.66,115.8,111.7,115.62,115.62,2381357,0.0,1.0
2022-07-20,110.0,114.045,109.315,113.25,113.25,2075808,0.0,1.0
2022-07-19,105.95,108.965,102.59,108.68,108.68,1964468,0.0,1.0
2022-07-18,104.45,108.0,102.59,103.57,103.57,1576200,0.0,1.0
2022-07-15,97.81,102.6,96.58,102.33,102.33,1608330,0.0,1.0
2022-07-14,98.06,98.5,95.93,96.32,96.32,1335772,0.0,1.0
2022-07-13,95.96,100.34,94.75,99.21,99.21,1443460,0.0,1.0
2022-07-12,100.01,102.17,98.02,99.58,99.58,1137643,0.0,1.0
2022-07-11,102.24,103.1594,98.7201,99.15,99.15,1744912,0.0,1.0
2022-07-08,103.6,106.16,101.74,104.24,104.24,1433657,0.0,1.0
2022-07-07,102.61,106.1,102.28,105.83,105.83,1544331,0.0,1.0
2022-07-06,104.03,105.35,101.73,102.87,102.87,1592037,0.0,1.0
2022-07-05,95.81,104.88,94.56,104.83,104.83,2556368,0.0,1.0
2022-07-01,94.68,97.63,93.66,97.52,97.52,1987510,0.0,1.0
2022-06-30,96.95,97.07,92.055,93.83,93.83,2399432,0.0,1.0
2022-06-29,97.64,98.09,93.71,97.96,97.96,3052779,0.0,1.0
2022-06-28,106.35,106.35,98.6101,99.0,99.0,2539720,0.0,1.0
2022-06-27,108.66,109.09,103.895,106.27,106.27,1639076,0.0,1.0
2022-06-24,103.73,107.09,102.58,107.0,107.0,2563311,0.0,1.0
2022-06-23,100.19,102.9,96.84,102.19,102.19,2197516,0.0,1.0
2022-06-22,99.72,102.46,98.73,99.33,99.33,1484176,0.0,1.0
2022-06-21,101.01,104.84,101.01,101.4,101.4,1568215,0.0,1.0
2022-06-17,98.96,101.4899,96.81,99.27,99.27,1776312,0.0,1.0
2022-06-16,102.35,102.95,96.69,97.85,97.85,2165617,0.0,1.0
2022-06-15,103.69,106.9,101.0,105.35,105.35,2885446,0.0,1.0
2022-06-14,102.54,103.0,97.21,98.05,98.05,2466828,0.0,1.0
2022-06-13,98.62,100.66,96.075,98.61,98.61,2492960,0.0,1.0
2022-06-10,108.85,111.3373,102.06,102.23,102.23,2498542,0.0,1.0
2022-06-09,116.09,118.08,111.77,111.93,111.93,2772195,0.0,1.0
2022-06-08,110.12,119.0,110.0,116.03,116.03,4138361,0.0,1.0
2022-06-07,110.0,110.23,107.31,109.43,109.43,2408335,0.0,1.0
2022-06-06,116.99,117.44,110.31,111.04,111.04,2424992,0.0,1.0
2022-06-03,114.2,115.7101,111.35,112.23,112.23,1086953,0.0,1.0
2022-06-02,110.04,117.25,109.41,116.5,116.5,1284409,0.0,1.0
2022-06-01,114.02,116.1295,109.81,110.0,110.0,1499102,0.0,1.0
2022-05-31,115.22,115.6,110.38,112.77,112.77,1770612,0.0,1.0
2022-05-27,109.7,113.38,109.01,112.97,112.97,2716319,0.0,1.0
2022-05-26,107.99,110.91,107.24,108.62,108.62,2272719,0.0,1.0
2022-05-25,103.38,109.82,102.84,108.79,108.79,2400453,0.0,1.0
2022-05-24,105.5,106.39,102.19,103.5,103.5,3996575,0.0,1.0
2022-05-23,106.27,109.28,103.11,109.07,109.07,2430128,0.0,1.0
2022-05-20,107.25,108.4,102.96,107.27,107.27,1856315,0.0,1.0
2022-05-19,104.0,108.5199,103.0101,105.77,105.77,1908377,0.0,1.0
2022-05-18,103.44,107.64,102.85,104.4,104.4,1803068,0.0,1.0
2022-05-17,103.11,106.7,101.0,105.06,105.06,2874600,0.0,1.0
2022-05-16,104.31,106.86,100.555,101.05,101.05,2077393,0.0,1.0
2022-05-13,99.95,106.9514,99.95,106.09,106.09,2479790,0.0,1.0
2022-05-12,90.44,100.75,89.03,97.08,97.08,3096018,0.0,1.0
2022-05-11,97.71,101.38,91.35,91.94,91.94,2894512,0.0,1.0
2022-05-10,97.87,100.52,93.68,99.17,99.17,3157964,0.0,1.0
2022-05-09,101.78,104.19,93.52,94.44,94.44,2305515,0.0,1.0
2022-05-06,108.33,108.98,101.57,104.68,104.68,3018562,0.0,1.0
2022-05-05,110.42,110.84,104.34,105.59,105.59,2449738,0.0,1.0
2022-05-04,108.62,113.36,104.12,112.55,112.55,2467105,0.0,1.0
2022-05-03,107.26,110.94,106.55,109.49,109.49,2004282,0.0,1.0
2022-05-02,101.17,109.39,99.9,108.86,108.86,2698897,0.0,1.0
2022-04-29,102.04,107.03,101.55,101.65,101.65,2981730,0.0,1.0
2022-04-28,96.91,104.515,95.2201,102.68,102.68,4121341,0.0,1.0
2022-04-27,97.22,105.64,95.74,96.67,96.67,9175092,0.0,1.0
2022-04-26,112.34,114.515,105.4,110.41,110.41,4753124,0.0,1.0
2022-04-25,108.77,113.625,107.21,112.14,112.14,3044833,0.0,1.0
2022-04-22,112.7,116.7,109.1,110.21,110.21,2444998,0.0,1.0
2022-04-21,123.34,126.4,110.53,112.62,112.62,4384289,0.0,1.0
2022-04-20,130.01,131.23,121.57,122.49,122.49,5632991,0.0,1.0
2022-04-19,132.74,138.74,131.97,137.41,137.41,906999,0.0,1.0
2022-04-18,136.56,136.56,131.53,134.43,134.43,961086,0.0,1.0
2022-04-14,141.25,141.92,136.015,136.27,136.27,1304386,0.0,1.0
2022-04-13,138.12,148.47,136.5,141.34,141.34,1092465,0.0,1.0
2022-04-12,144.95,146.43,138.51,138.9,138.9,1043366,0.0,1.0
2022-04-11,138.2,142.5,135.83,139.61,139.61,1416589,0.0,1.0
2022-04-08,141.38,144.67,138.16,141.28,141.28,1434139,0.0,1.0
2022-04-07,144.59,148.2999,138.01,141.39,141.39,1404326,0.0,1.0
2022-04-06,145.34,146.08,141.755,145.64,145.64,2308355,0.0,1.0
2022-04-05,159.17,159.83,147.66,148.91,148.91,1695122,0.0,1.0
2022-04-04,154.97,160.06,153.82,158.84,158.84,2214080,0.0,1.0
2022-04-01,152.54,156.26,152.0,153.7,153.7,1408812,0.0,1.0
2022-03-31,154.91,156.57,150.81,151.02,151.02,1371817,0.0,1.0
2022-03-30,154.36,159.34,153.51,156.16,156.16,1643343,0.0,1.0
2022-03-29,154.0,158.19,150.62,157.31,157.31,1597189,0.0,1.0
2022-03-28,146.25,150.3,144.17,150.13,150.13,939734,0.0,1.0
2022-03-25,149.96,149.98,142.715,146.04,146.04,1155336,0.0,1.0
2022-03-24,155.15,156.91,143.82,149.26,149.26,2310384,0.0,1.0
2022-03-23,146.07,155.3,144.76,148.57,148.57,2102798,0.0,1.0
2022-03-22,139.67,148.0,137.17,147.47,147.47,2529283,0.0,1.0
2022-03-21,143.17,146.4,138.44,140.42,140.42,1912140,0.0,1.0
2022-03-18,138.71,147.5,138.15,144.78,144.78,2562140,0.0,1.0
2022-03-17,132.84,139.86,131.47,138.73,138.73,1977480,0.0,1.0
2022-03-16,126.0,134.5884,125.82,133.58,133.58,2297862,0.0,1.0
2022-03-15,121.35,125.93,120.81,123.84,123.84,1496892,0.0,1.0
2022-03-14,122.78,125.9109,118.2,119.47,119.47,2185005,0.0,1.0
2022-03-11,134.34,135.38,124.15,124.29,124.29,2027616,0.0,1.0
2022-03-10,134.23,135.37,129.76,132.67,132.67,1978620,0.0,1.0
2022-03-09,135.34,139.81,134.93,136.42,136.42,1521947,0.0,1.0
2022-03-08,129.99,137.26,125.84,131.68,131.68,1858568,0.0,1.0
2022-03-07,135.28,138.72,130.05,130.51,130.51,2320081,0.0,1.0
2022-03-04,140.9,142.3,134.09,135.17,135.17,2383661,0.0,1.0
2022-03-03,150.81,151.83,138.62,139.92,139.92,2393490,0.0,1.0
2022-03-02,152.89,153.1,145.86,149.48,149.48,1462021,0.0,1.0
2022-03-01,159.34,159.49,150.24,151.25,151.25,1404661,0.0,1.0
2022-02-28,151.64,157.97,149.93,156.19,156.19,1883499,0.0,1.0
2022-02-25,150.47,152.88,145.9,151.91,151.91,1674518,0.0,1.0
2022-02-24,136.89,149.81,135.555,149.21,149.21,2352212,0.0,1.0
2022-02-23,151.03,152.2696,144.09,144.17,144.17,1450069,0.0,1.0
2022-02-22,150.2,156.65,148.1,149.38,149.38,1816208,0.0,1.0
2022-02-18,158.85,160.17,150.74,152.27,152.27,2330972,0.0,1.0
2022-02-17,162.59,163.98,157.7,159.22,159.22,2017814,0.0,1.0
2022-02-16,164.8,165.73,161.31,163.94,163.94,1577258,0.0,1.0
2022-02-15,165.45,168.7599,162.5,168.06,168.06,1384540,0.0,1.0
2022-02-14,160.69,166.06,159.53,162.21,162.21,1607950,0.0,1.0
2022-02-11,168.01,171.0,160.22,161.93,161.93,2158342,0.0,1.0
2022-02-10,169.67,177.6,167.01,167.83,167.83,2235703,0.0,1.0
2022-02-09,167.68,175.82,163.21,175.49,175.49,4911124,0.0,1.0
2022-02-08,170.0,172.87,163.66,165.92,165.92,3828162,0.0,1.0
2022-02-07,169.99,175.0,167.3,171.51,171.51,4407093,0.0,1.0
2022-02-04,163.11,176.95,161.1,174.43,174.43,5779163,0.0,1.0
2022-02-03,164.0,174.4,155.57,159.76,159.76,14049295,0.0,1.0
2022-02-02,205.35,208.49,188.36,191.92,191.92,6687923,0.0,1.0
2022-02-01,199.13,205.2829,193.63,203.62,203.62,2868508,0.0,1.0
2022-01-31,180.35,196.57,179.53,196.26,196.26,4882381,0.0,1.0
2022-01-28,172.23,174.035,164.41,172.98,172.98,2515476,0.0,1.0
2022-01-27,172.89,179.83,169.43,171.32,171.32,2513470,0.0,1.0
2022-01-26,189.33,192.91,173.58,174.79,174.79,2654604,0.0,1.0
2022-01-25,187.75,192.0,180.76,184.04,184.04,2074420,0.0,1.0
2022-01-24,187.41,194.23,177.07,193.56,193.56,3005140,0.0,1.0
2022-01-21,202.37,205.72,194.72,195.53,195.53,3149987,0.0,1.0
2022-01-20,210.89,217.94,207.66,208.66,208.66,2517815,0.0,1.0
2022-01-19,212.98,216.61,207.03,207.35,207.35,1656659,0.0,1.0
2022-01-18,213.57,218.0,209.68,210.87,210.87,1376188,0.0,1.0
2022-01-14,223.91,226.399,213.74,218.56,218.56,1665402,0.0,1.0
2022-01-13,236.16,238.8,226.19,226.45,226.45,985595,0.0,1.0
2022-01-12,237.21,240.08,230.38,231.31,231.31,1111613,0.0,1.0
2022-01-11,224.4,236.33,222.06,234.97,234.97,1173418,0.0,1.0
2022-01-10,220.84,224.98,212.38,224.41,224.41,1394214,0.0,1.0
2022-01-07,228.15,232.47,221.34,223.58,223.58,907220,0.0,1.0
2022-01-06,224.95,231.78,219.61,228.27,228.27,1172122,0.0,1.0
2022-01-05,237.76,241.89,225.42,227.7,227.7,1345270,0.0,1.0
2022-01-04,245.1,246.38,227.415,239.26,239.26,1874416,0.0,1.0
2022-01-03,235.25,247.2,235.25,244.16,244.16,1933830,0.0,1.0
2021-12-31,237.77,241.25,233.29,234.03,234.03,840575,0.0,1.0
2021-12-30,233.78,241.54,233.17,237.92,237.92,941575,0.0,1.0
2021-12-29,232.64,235.84,228.1001,232.92,232.92,1155760,0.0,1.0
2021-12-28,234.57,239.49,231.51,233.78,233.78,777211,0.0,1.0
2021-12-27,236.71,237.75,230.23,233.78,233.78,964015,0.0,1.0
2021-12-23,235.5,238.06,226.62,236.63,236.63,813273,0.0,1.0
2021-12-22,238.03,240.92,234.01,235.16,235.16,972688,0.0,1.0
2021-12-21,230.19,238.84,230.06,238.11,238.11,716732,0.0,1.0
2021-12-20,230.75,236.49,228.11,228.16,228.16,1120716,0.0,1.0
2021-12-17,224.31,237.45,222.77,235.28,235.28,1697737,0.0,1.0
2021-12-16,229.16,232.6599,224.05,226.55,226.55,1130028,0.0,1.0
2021-12-15,222.35,227.02,216.0,225.4,225.4,1557874,0.0,1.0
2021-12-14,222.0,227.28,219.75,222.68,222.68,2137334,0.0,1.0
2021-12-13,232.88,234.45,222.94,225.62,225.62,1188024,0.0,1.0
2021-12-10,237.1,238.43,230.07,233.26,233.26,838644,0.0,1.0
2021-12-09,241.61,245.81,232.05,233.42,233.42,1060039,0.0,1.0
2021-12-08,240.0,245.3699,235.47,243.17,243.17,1137734,0.0,1.0
2021-12-07,239.96,242.92,237.22,238.51,238.51,1089502,0.0,1.0
2021-12-06,228.95,232.59,225.21,232.01,232.01,1186181,0.0,1.0
2021-12-03,230.0,233.73,221.15,228.8,228.8,1830973,0.0,1.0
2021-12-02,225.0,232.72,224.875,228.54,228.54,1603203,0.0,1.0
2021-12-01,238.15,241.42,224.3209,225.09,225.09,1627418,0.0,1.0
2021-11-30,245.54,248.88,235.895,238.5,238.5,1874423,0.0,1.0
2021-11-29,250.85,251.45,245.23,246.6,246.6,1347780,0.0,1.0
2021-11-26,248.08,253.05,246.05,250.89,250.89,836851,0.0,1.0
2021-11-24,244.67,251.585,238.6501,249.49,249.49,1552478,0.0,1.0
2021-11-23,246.23,251.13,237.06,243.03,243.03,2356760,0.0,1.0
2021-11-22,258.65,264.135,247.015,250.34,250.34,1347223,0.0,1.0
2021-11-19,263.27,266.91,258.07,259.55,259.55,799787,0.0,1.0
2021-11-18,268.56,272.0,262.33,263.37,263.37,1050038,0.0,1.0
2021-11-17,271.55,272.06,265.87,271.95,271.95,1103338,0.0,1.0
2021-11-16,278.98,279.055,270.0,271.3,271.3,1586898,0.0,1.0
2021-11-15,281.81,286.6,278.33,278.38,278.38,1055281,0.0,1.0
2021-11-12,282.24,284.53,277.75,280.56,280.56,1852957,0.0,1.0
2021-11-11,275.1,280.0,273.75,276.65,276.65,1262913,0.0,1.0
2021-11-10,277.14,279.71,266.37,269.72,269.72,1367895,0.0,1.0
2021-11-09,282.24,286.47,276.105,278.75,278.75,1575300,0.0,1.0
2021-11-08,287.0,289.86,283.105,286.9,286.9,2077151,0.0,1.0
2021-11-05,293.3,297.63,285.0,289.05,289.05,1261116,0.0,1.0
2021-11-04,295.1,299.08,291.785,293.48,293.48,1137219,0.0,1.0
2021-11-03,297.8,299.66,291.03,298.08,298.08,1223943,0.0,1.0
2021-11-02,300.0,305.6,296.5883,298.2,298.2,1311881,0.0,1.0
2021-11-01,295.4,302.5714,294.52,300.95,300.95,2354116,0.0,1.0
2021-10-29,285.14,292.82,283.32,289.4,289.4,1604407,0.0,1.0
2021-10-28,273.62,293.32,273.14,288.95,288.95,3414425,0.0,1.0
2021-10-27,269.91,278.0,260.5301,273.13,273.13,3958202,0.0,1.0
2021-10-26,260.34,263.69,251.57,252.2,252.2,1672603,0.0,1.0
2021-10-25,252.06,259.19,250.58,257.89,257.89,1009736,0.0,1.0
2021-10-22,251.5,254.37,249.02,252.96,252.96,988109,0.0,1.0
2021-10-21,251.09,263.04,250.84,255.0,255.0,1093529,0.0,1.0
2021-10-20,258.29,258.61,249.66,251.18,251.18,736756,0.0,1.0
2021-10-19,250.25,256.13,247.45,255.61,255.61,1056108,0.0,1.0
2021-10-18,247.23,250.56,245.49,248.82,248.82,763515,0.0,1.0
2021-10-15,248.92,249.61,243.42,247.4,247.4,813581,0.0,1.0
2021-10-14,246.68,248.12,240.03,247.37,247.37,858645,0.0,1.0
2021-10-13,238.29,244.26,238.106,243.83,243.83,1216357,0.0,1.0
2021-10-12,232.81,235.75,231.5,235.3,235.3,651438,0.0,1.0
2021-10-11,233.87,236.58,230.44,231.89,231.89,647482,0.0,1.0
2021-10-08,235.5,238.37,232.34,232.88,232.88,625206,0.0,1.0
2021-10-07,233.01,238.41,232.8,234.9,234.9,661682,0.0,1.0
2021-10-06,223.59,232.9,222.53,232.02,232.02,1037064,0.0,1.0
2021-10-05,221.96,227.93,221.63,225.82,225.82,647894,0.0,1.0
2021-10-04,229.99,230.0,218.66,221.91,221.91,1145372,0.0,1.0
2021-10-01,227.02,230.0,223.96,229.33,229.33,898232,0.0,1.0
2021-09-30,221.87,226.34,218.51,225.34,225.34,1050728,0.0,1.0
2021-09-29,228.41,229.27,220.19,220.32,220.32,1071189,0.0,1.0
2021-09-28,231.29,232.01,225.87,227.34,227.34,1392383,0.0,1.0
2021-09-27,228.84,235.6,227.06,232.94,232.94,818926,0.0,1.0
2021-09-24,231.81,231.81,225.495,230.2,230.2,1103152,0.0,1.0
2021-09-23,237.89,238.3064,233.56,234.86,234.86,942972,0.0,1.0
2021-09-22,234.79,237.145,234.206,235.35,235.35,906646,0.0,1.0
2021-09-21,236.2,238.79,233.94,234.51,234.51,884209,0.0,1.0
2021-09-20,240.52,240.913,234.5,237.76,237.76,1357467,0.0,1.0
2021-09-17,243.23,248.39,242.5201,248.1,248.1,1130317,0.0,1.0
2021-09-16,240.35,242.85,239.26,242.02,242.02,846159,0.0,1.0
2021-09-15,243.45,244.2,239.62,242.87,242.87,766757,0.0,1.0
2021-09-14,244.51,246.35,242.55,243.81,243.81,815085,0.0,1.0
2021-09-13,245.98,247.82,236.66,244.22,244.22,1215412,0.0,1.0
2021-09-10,247.01,254.94,245.42,247.76,247.76,1515082,0.0,1.0
2021-09-09,247.4,250.98,245.4855,246.01,246.01,926167,0.0,1.0
2021-09-08,253.98,254.19,245.85,249.68,249.68,1043396,0.0,1.0
2021-09-07,260.94,263.59,254.44,254.72,254.72,1866266,0.0,1.0
2021-09-03,251.8,255.9048,248.185,249.04,249.04,1188067,0.0,1.0
2021-09-02,244.92,255.85,243.0,254.03,254.03,3946919,0.0,1.0
2021-09-01,236.5,239.17,235.01,238.38,238.38,811133,0.0,1.0
2021-08-31,233.51,235.42,232.25,234.34,234.34,1216969,0.0,1.0
2021-08-30,226.28,234.3983,225.945,233.12,233.12,1059326,0.0,1.0
2021-08-27,225.49,227.82,225.49,226.02,226.02,1339053,0.0,1.0
2021-08-26,224.07,227.52,222.4817,224.62,224.62,1125931,0.0,1.0
2021-08-25,224.54,227.29,224.1,226.9,226.9,842006,0.0,1.0
2021-08-24,223.31,225.7,222.49,224.88,224.88,887663,0.0,1.0
2021-08-23,217.4,222.465,217.4,221.5,221.5,1354411,0.0,1.0
2021-08-20,209.55,218.14,209.55,216.64,216.64,2314334,0.0,1.0
2021-08-19,203.44,207.99,201.6775,205.08,205.08,834019,0.0,1.0
2021-08-18,209.22,209.5,204.76,205.42,205.42,1515083,0.0,1.0
2021-08-17,205.48,208.89,205.12,206.16,206.16,1330096,0.0,1.0
2021-08-16,210.3,210.865,204.51,208.83,208.83,1452656,0.0,1.0
2021-08-13,215.5,216.0577,211.21,211.48,211.48,856263,0.0,1.0
2021-08-12,213.21,215.47,210.52,215.04,215.04,1541995,0.0,1.0
2021-08-11,216.07,217.53,210.15,214.0,214.0,3304618,0.0,1.0
2021-08-10,225.54,226.27,215.33,215.48,215.48,2855535,0.0,1.0
2021-08-09,223.48,227.43,220.755,224.78,224.78,1040824,0.0,1.0
2021-08-06,221.67,224.5,219.16,221.97,221.97,1014028,0.0,1.0
2021-08-05,219.5,222.0,216.7,221.13,221.13,1700785,0.0,1.0
2021-08-04,218.2,220.27,216.64,217.42,217.42,1670278,0.0,1.0
2021-08-03,226.62,227.63,214.995,217.95,217.95,3438794,0.0,1.0
2021-08-02,228.72,230.88,222.65,228.4,228.4,2227501,0.0,1.0
2021-07-30,226.53,233.22,225.34,228.67,228.67,2169952,0.0,1.0
2021-07-29,225.31,228.76,223.5,225.27,225.27,2538143,0.0,1.0
2021-07-28,220.7,224.17,213.11,223.32,223.32,7220257,0.0,1.0
2021-07-27,239.76,241.66,232.9403,236.93,236.93,1403813,0.0,1.0
2021-07-26,238.0,241.59,235.1251,240.59,240.59,1931341,0.0,1.0
2021-07-23,243.28,247.905,240.0,243.64,243.64,1501497,0.0,1.0
2021-07-22,247.71,248.95,243.82,244.18,244.18,781336,0.0,1.0
2021-07-21,247.25,249.75,243.73,247.91,247.91,1249865,0.0,1.0
2021-07-20,243.0,248.44,238.6001,246.5,246.5,902176,0.0,1.0
2021-07-19,239.0,246.94,237.19,241.81,241.81,1232541,0.0,1.0
2021-07-16,250.0,250.0,242.27,243.24,243.24,1443159,0.0,1.0
2021-07-15,252.84,256.1842,246.83,247.97,247.97,1506822,0.0,1.0
2021-07-14,264.21,265.99,253.34,253.41,253.41,1120104,0.0,1.0
2021-07-13,261.18,267.76,261.18,263.85,263.85,899204,0.0,1.0
2021-07-12,263.55,265.2951,257.83,261.01,261.01,741243,0.0,1.0
2021-07-09,254.86,262.98,253.0,262.83,262.83,575505,0.0,1.0
2021-07-08,254.25,259.3443,250.31,256.15,256.15,932923,0.0,1.0
2021-07-07,266.41,266.49,257.59,259.04,259.04,746914,0.0,1.0
2021-07-06,266.98,269.6499,262.28,263.52,263.52,1063866,0.0,1.0
2021-07-02,269.76,272.06,267.2918,267.83,267.83,480874,0.0,1.0
2021-07-01,273.5,275.2499,266.41,268.63,268.63,835146,0.0,1.0
2021-06-30,274.0,280.5399,269.5,275.59,275.59,1572813,0.0,1.0
2021-06-29,271.01,274.12,265.09,272.86,272.86,875111,0.0,1.0
2021-06-28,268.0,273.6,265.78,271.56,271.56,1248266,0.0,1.0
2021-06-25,266.08,268.29,261.86,266.38,266.38,1562074,0.0,1.0
2021-06-24,260.0,265.5861,259.6,264.16,264.16,2251539,0.0,1.0
2021-06-23,252.57,257.69,252.56,256.7,256.7,951453,0.0,1.0
2021-06-22,246.92,254.35,244.6,253.64,253.64,1436651,0.0,1.0
2021-06-21,247.5,248.0,242.04,245.6,245.6,826114,0.0,1.0
2021-06-18,246.11,249.36,244.33,247.64,247.64,1348552,0.0,1.0
2021-06-17,238.83,249.1,238.5,247.11,247.11,1237676,0.0,1.0
2021-06-16,244.11,248.21,236.46,242.78,242.78,1364960,0.0,1.0
2021-06-15,252.48,252.7,241.95,242.76,242.76,1350068,0.0,1.0
2021-06-14,245.0,253.4113,243.97,251.51,251.51,1250501,0.0,1.0
2021-06-11,248.0,251.82,240.8,243.66,243.66,1576982,0.0,1.0
2021-06-10,238.68,247.46,237.1201,247.19,247.19,1500237,0.0,1.0
2021-06-09,243.01,245.7342,237.549,237.7,237.7,1024051,0.0,1.0
2021-06-08,245.22,245.95,240.2292,242.51,242.51,1167810,0.0,1.0
2021-06-07,235.87,244.0,235.87,242.66,242.66,1273490,0.0,1.0
2021-06-04,234.54,238.11,232.59,236.17,236.17,946944,0.0,1.0
2021-06-03,236.12,238.45,231.525,232.19,232.19,1244836,0.0,1.0
2021-06-02,243.55,243.55,238.39,239.73,239.73,1088942,0.0,1.0
2021-06-01,243.5,246.33,239.21,241.73,241.73,1037355,0.0,1.0
2021-05-28,242.03,246.3,241.11,241.57,241.57,920735,0.0,1.0
2021-05-27,238.4,242.865,233.965,240.26,240.26,1002586,0.0,1.0
2021-05-26,237.9,239.47,231.53,238.39,238.39,1364512,0.0,1.0
2021-05-25,237.01,239.095,233.25,236.76,236.76,1126584,0.0,1.0
2021-05-24,229.66,235.615,228.33,234.06,234.06,980921,0.0,1.0
2021-05-21,229.95,231.56,225.3967,229.14,229.14,1037461,0.0,1.0
2021-05-20,225.46,231.19,223.515,228.68,228.68,1233491,0.0,1.0
2021-05-19,212.68,220.88,211.1,220.31,220.31,1832024,0.0,1.0
2021-05-18,225.64,230.38,220.5,220.99,220.99,1292563,0.0,1.0
2021-05-17,222.96,223.7,215.94,223.33,223.33,1352660,0.0,1.0
2021-05-14,219.05,223.85,216.8,223.59,223.59,2461655,0.0,1.0
2021-05-13,229.0,231.41,214.155,217.07,217.07,1635659,0.0,1.0
2021-05-12,224.77,232.01,223.4,225.6,225.6,1322072,0.0,1.0
2021-05-11,221.73,230.94,221.0,228.01,228.01,2509484,0.0,1.0
2021-05-10,235.42,237.47,227.63,228.21,228.21,1857277,0.0,1.0
2021-05-07,242.36,246.5,237.35,239.41,239.41,1312761,0.0,1.0
2021-05-06,235.5,237.73,230.3,237.04,237.04,1770085,0.0,1.0
2021-05-05,246.0,246.34,236.671,239.5,239.5,1549900,0.0,1.0
2021-05-04,244.4,244.8,236.3446,240.12,240.12,2562417,0.0,1.0
2021-05-03,255.42,258.6,246.9,247.69,247.69,2305621,0.0,1.0
2021-04-30,260.0,264.4,251.96,252.12,252.12,2187594,0.0,1.0
2021-04-29,262.84,265.88,260.0,262.15,262.15,3330773,0.0,1.0
2021-04-28,269.7,270.16,255.16,256.84,256.84,7772280,0.0,1.0
2021-04-27,297.88,299.485,289.64,292.92,292.92,1239423,0.0,1.0
2021-04-26,278.12,298.73,277.33,298.02,298.02,2239621,0.0,1.0
2021-04-23,268.0,286.2899,267.86,284.11,284.11,2240252,0.0,1.0
2021-04-22,266.02,271.6299,264.61,265.16,265.16,1482335,0.0,1.0
2021-04-21,267.26,267.265,260.61,261.71,261.71,1828544,0.0,1.0
2021-04-20,281.0,281.0,268.06,271.2,271.2,1262150,0.0,1.0
2021-04-19,287.0,291.66,278.09,280.37,280.37,1398396,0.0,1.0
2021-04-16,299.74,299.74,290.4,292.02,292.02,778025,0.0,1.0
2021-04-15,291.28,300.94,290.3,299.74,299.74,1216819,0.0,1.0
2021-04-14,294.0,294.4,285.15,287.6,287.6,815779,0.0,1.0
2021-04-13,279.92,294.22,278.5,293.12,293.12,1154284,0.0,1.0
2021-04-12,277.38,278.82,271.26,276.91,276.91,622150,0.0,1.0
2021-04-09,279.68,279.73,273.35,279.2,279.2,1171000,0.0,1.0
2021-04-08,285.17,285.99,279.5,280.94,280.94,680226,0.0,1.0
2021-04-07,281.46,282.88,276.51,280.15,280.15,690358,0.0,1.0
2021-04-06,279.99,288.65,278.76,282.34,282.34,1280477,0.0,1.0
2021-04-05,279.56,279.99,272.09,273.3,273.3,949468,0.0,1.0
2021-04-01,271.19,280.0,270.53,273.1,273.1,1183881,0.0,1.0
2021-03-31,266.28,271.87,263.9,267.95,267.95,1194108,0.0,1.0
2021-03-30,253.64,261.4399,249.0,257.69,257.69,1495816,0.0,1.0
2021-03-29,261.0,261.605,250.38,252.59,252.59,1078802,0.0,1.0
2021-03-26,258.51,263.92,251.0,261.31,261.31,1267835,0.0,1.0
2021-03-25,255.0,258.97,250.1,254.63,254.63,1658001,0.0,1.0
2021-03-24,270.87,271.66,258.06,258.68,258.68,1053108,0.0,1.0
2021-03-23,274.0,275.63,266.55,267.3,267.3,802911,0.0,1.0
2021-03-22,276.0,278.57,273.2154,275.47,275.47,606471,0.0,1.0
2021-03-19,269.99,275.2,267.46,272.11,272.11,1327136,0.0,1.0
2021-03-18,278.45,279.92,266.1454,271.73,271.73,1468126,0.0,1.0
2021-03-17,277.4,287.46,272.22,283.35,283.35,844724,0.0,1.0
2021-03-16,289.0,292.66,280.27,284.69,284.69,891849,0.0,1.0
2021-03-15,282.99,286.38,275.67,285.46,285.46,867404,0.0,1.0
2021-03-12,280.06,281.87,273.0,279.89,279.89,963610,0.0,1.0
2021-03-11,276.01,289.4,273.07,286.96,286.96,1855063,0.0,1.0
2021-03-10,282.73,284.02,269.4,270.19,270.19,1319533,0.0,1.0
2021-03-09,274.6,279.64,268.6,273.58,273.58,2424023,0.0,1.0
2021-03-08,275.0,276.59,254.92,258.33,258.33,2107968,0.0,1.0
2021-03-05,290.0,291.37,261.6,274.98,274.98,2599418,0.0,1.0
2021-03-04,297.48,301.28,278.23,285.01,285.01,2591395,0.0,1.0
2021-03-03,322.73,323.04,299.89,300.24,300.24,1636578,0.0,1.0
2021-03-02,320.07,326.15,316.34,322.74,322.74,1482998,0.0,1.0
2021-03-01,313.0,321.78,307.4,321.28,321.28,1541982,0.0,1.0
2021-02-26,300.0,311.83,295.34,307.38,307.38,2593281,0.0,1.0
2021-02-25,330.0,335.0,302.6,303.06,303.06,2413848,0.0,1.0
2021-02-24,335.22,339.2,324.0,334.69,334.69,1477891,0.0,1.0
2021-02-23,332.57,337.88,310.34,336.31,336.31,4161969,0.0,1.0
2021-02-22,360.91,387.44,344.0,349.91,349.91,4511053,0.0,1.0
2021-02-19,355.62,365.99,354.1781,364.59,364.59,1313773,0.0,1.0
2021-02-18,353.57,358.7093,341.59,354.88,354.88,1386478,0.0,1.0
2021-02-17,349.41,355.71,342.73,355.19,355.19,1279685,0.0,1.0
2021-02-16,343.0,364.0,343.0,353.73,353.73,1923753,0.0,1.0
2021-02-12,333.94,340.43,329.395,339.7,339.7,1119505,0.0,1.0
2021-02-11,335.9,337.8821,325.95,331.9,331.9,1032373,0.0,1.0
2021-02-10,334.34,339.62,325.63,335.71,335.71,1489475,0.0,1.0
2021-02-09,323.37,334.62,320.41,334.0,334.0,1432844,0.0,1.0
2021-02-08,311.93,325.08,311.68,323.79,323.79,1610303,0.0,1.0
2021-02-05,316.23,316.76,306.0,310.77,310.77,2342815,0.0,1.0
2021-02-04,319.31,323.98,312.9,314.7,314.7,2451286,0.0,1.0
2021-02-03,321.5,327.2999,310.7,317.25,317.25,6296247,0.0,1.0
2021-02-02,339.68,350.25,338.85,345.05,345.05,1736142,0.0,1.0
2021-02-01,319.45,332.7,315.8,332.65,332.65,1186230,0.0,1.0
2021-01-29,328.59,331.39,312.83,315.0,315.0,1485688,0.0,1.0
2021-01-28,330.18,331.33,317.12,325.44,325.44,1532051,0.0,1.0
2021-01-27,330.75,344.99,323.59,330.19,330.19,1549227,0.0,1.0
2021-01-26,337.24,340.5,332.33,337.01,337.01,818253,0.0,1.0
2021-01-25,344.0,345.05,326.66,333.61,333.61,1393657,0.0,1.0
2021-01-22,346.27,348.28,338.17,338.96,338.96,1083637,0.0,1.0
2021-01-21,337.91,350.25,333.78,348.3,348.3,1641836,0.0,1.0
2021-01-20,328.83,338.2,325.39,331.41,331.41,1044979,0.0,1.0
2021-01-19,320.35,326.9431,317.07,319.75,319.75,1252558,0.0,1.0
2021-01-15,330.72,334.69,317.01,319.82,319.82,2351973,0.0,1.0
2021-01-14,349.7,349.7,339.0604,342.27,342.27,853998,0.0,1.0
2021-01-13,348.0,370.95,344.5,347.06,347.06,2412060,0.0,1.0
2021-01-12,344.0,349.7799,341.46,347.01,347.01,826857,0.0,1.0
2021-01-11,350.06,354.0,341.5901,344.07,344.07,1105587,0.0,1.0
2021-01-08,335.0,354.6,333.29,353.11,353.11,2199732,0.0,1.0
2021-01-07,317.44,332.6,316.25,331.36,331.36,977474,0.0,1.0
2021-01-06,308.16,323.39,307.035,314.24,314.24,1024859,0.0,1.0
2021-01-05,309.48,316.15,309.08,313.72,313.72,610396,0.0,1.0
2021-01-04,317.42,318.69,305.51,311.0,311.0,945841,0.0,1.0
2020-12-31,323.5,323.5,312.47,314.66,314.66,587054,0.0,1.0
2020-12-30,323.47,323.47,316.17,319.35,319.35,631692,0.0,1.0
2020-12-29,320.95,323.9,310.55,318.43,318.43,688065,0.0,1.0
2020-12-28,331.28,331.55,316.0,317.29,317.29,887186,0.0,1.0
2020-12-24,329.81,336.34,327.62,328.39,328.39,435769,0.0,1.0
2020-12-23,322.15,335.77,321.59,330.79,330.79,1131584,0.0,1.0
2020-12-22,328.07,328.07,319.42,321.96,321.96,958829,0.0,1.0
2020-12-21,330.06,333.5,322.81,325.57,325.57,1076848,0.0,1.0
2020-12-18,333.43,337.2,330.495,336.1,336.1,1090751,0.0,1.0
2020-12-17,323.13,329.89,319.13,328.06,328.06,960673,0.0,1.0
2020-12-16,316.52,323.88,312.209,318.53,318.53,1574728,0.0,1.0
2020-12-15,324.07,330.82,320.5011,326.97,326.97,2198594,0.0,1.0
2020-12-14,340.5,341.6675,319.52,320.34,320.34,2117332,0.0,1.0
2020-12-11,342.3,346.4399,333.57,341.22,341.22,1657577,0.0,1.0
2020-12-10,329.64,344.98,327.07,343.3,343.3,1268900,0.0,1.0
2020-12-09,337.28,338.216,324.5345,332.45,332.45,1682208,0.0,1.0
2020-12-08,337.0,342.92,330.285,332.86,332.86,1620608,0.0,1.0
2020-12-07,319.8,342.36,319.0,342.0,342.0,2287613,0.0,1.0
2020-12-04,317.29,323.8076,315.6801,319.77,319.77,1979315,0.0,1.0
2020-12-03,317.5,332.0,314.5,316.43,316.43,2420023,0.0,1.0
2020-12-02,283.23,330.87,281.19,320.89,320.89,8178534,0.0,1.0
2020-12-01,291.04,292.01,282.24,284.99,284.99,1226026,0.0,1.0
2020-11-30,277.0,291.72,272.102,291.37,291.37,1800164,0.0,1.0
2020-11-27,269.46,277.78,267.33,277.62,277.62,774210,0.0,1.0
2020-11-25,269.0,274.72,268.02,270.09,270.09,720741,0.0,1.0
2020-11-24,267.91,274.19,266.5001,270.14,270.14,819745,0.0,1.0
2020-11-23,260.01,270.78,260.01,268.86,268.86,947965,0.0,1.0
2020-11-20,251.82,262.9,250.28,260.0,260.0,1057355,0.0,1.0
2020-11-19,252.93,254.94,247.55,249.94,249.94,1372718,0.0,1.0
2020-11-18,251.25,255.66,246.62,253.02,253.02,979145,0.0,1.0
2020-11-17,247.45,251.26,244.61,250.44,250.44,822860,0.0,1.0
2020-11-16,252.85,256.05,245.31,245.85,245.85,1438100,0.0,1.0
2020-11-13,260.5,262.12,251.9,253.5,253.5,864017,0.0,1.0
2020-11-12,261.29,267.66,256.81,258.69,258.69,890829,0.0,1.0
2020-11-11,253.0,264.55,252.31,261.04,261.04,1183849,0.0,1.0
2020-11-10,272.56,273.575,248.02,249.99,249.99,2371402,0.0,1.0
2020-11-09,258.0,284.11,257.18,274.2,274.2,2060311,0.0,1.0
2020-11-06,257.5,276.49,255.74,276.1,276.1,2161205,0.0,1.0
2020-11-05,247.72,257.77,239.6,256.38,256.38,2180565,0.0,1.0
2020-11-04,245.0,246.95,238.0,239.28,239.28,1906996,0.0,1.0
2020-11-03,236.0,241.35,232.866,236.53,236.53,1418714,0.0,1.0
2020-11-02,240.01,240.79,228.11,231.6,231.6,2282211,0.0,1.0
2020-10-30,263.71,265.53,235.88,239.89,239.89,3522325,0.0,1.0
2020-10-29,260.0,268.56,248.26,266.87,266.87,5508170,0.0,1.0
2020-10-28,281.43,284.64,273.36,276.14,276.14,2257927,0.0,1.0
2020-10-27,286.74,292.79,285.0001,287.45,287.45,1778021,0.0,1.0
2020-10-26,280.23,286.55,280.0,284.96,284.96,1921494,0.0,1.0
2020-10-23,270.38,284.1278,270.38,283.49,283.49,1350242,0.0,1.0
2020-10-22,269.54,274.0,266.1816,271.88,271.88,1216356,0.0,1.0
2020-10-21,262.15,273.575,260.63,271.32,271.32,1359931,0.0,1.0
2020-10-20,260.04,263.7179,257.32,260.95,260.95,904414,0.0,1.0
2020-10-19,263.17,267.4899,259.765,261.01,261.01,819032,0.0,1.0
2020-10-16,263.99,268.25,262.15,262.55,262.55,1038470,0.0,1.0
2020-10-15,253.97,261.87,250.63,261.55,261.55,904518,0.0,1.0
2020-10-14,268.86,269.0,257.17,257.62,257.62,989701,0.0,1.0
2020-10-13,254.0,268.25,252.82,266.95,266.95,1591636,0.0,1.0
2020-10-12,252.13,253.62,248.21,251.44,251.44,937817,0.0,1.0
2020-10-09,249.67,252.8856,248.052,250.0,250.0,617524,0.0,1.0
2020-10-08,254.63,254.9,247.68,249.8,249.8,765645,0.0,1.0
2020-10-07,251.7,253.25,246.74,251.51,251.51,616710,0.0,1.0
2020-10-06,249.68,255.7,247.15,248.54,248.54,932596,0.0,1.0
2020-10-05,244.1,252.11,241.2713,251.37,251.37,964740,0.0,1.0
2020-10-02,244.07,249.32,240.18,240.28,240.28,1043762,0.0,1.0
2020-10-01,244.52,250.75,243.965,250.19,250.19,1051535,0.0,1.0
2020-09-30,244.0,246.4673,240.6,242.57,242.57,1131808,0.0,1.0
2020-09-29,237.39,244.33,234.64,242.45,242.45,1217486,0.0,1.0
2020-09-28,243.0,243.99,233.49,236.42,236.42,937946,0.0,1.0
2020-09-25,233.98,236.34,229.47,235.98,235.98,771138,0.0,1.0
2020-09-24,233.0,234.7,225.18,231.26,231.26,1451254,0.0,1.0
2020-09-23,241.96,244.84,234.57,235.05,235.05,1142056,0.0,1.0
2020-09-22,239.24,241.77,234.02,241.01,241.01,1539575,0.0,1.0
2020-09-21,232.0,240.0,230.128,239.34,239.34,998322,0.0,1.0
2020-09-18,235.18,237.19,229.925,233.89,233.89,1298199,0.0,1.0
2020-09-17,230.82,238.99,228.01,234.31,234.31,1913641,0.0,1.0
2020-09-16,232.0,241.11,220.7,234.85,234.85,5340002,0.0,1.0
2020-09-15,242.5,244.59,237.01,237.91,237.91,1233001,0.0,1.0
2020-09-14,246.26,248.07,238.33,238.55,238.55,1185653,0.0,1.0
2020-09-11,249.64,251.45,237.51,241.6,241.6,1371633,0.0,1.0
2020-09-10,260.03,265.8879,247.35,247.78,247.78,3026326,0.0,1.0
2020-09-09,247.99,250.96,243.005,244.93,244.93,1057128,0.0,1.0
2020-09-08,240.66,247.34,237.1185,240.02,240.02,1470034,0.0,1.0
2020-09-04,259.31,260.44,238.66,248.21,248.21,2062756,0.0,1.0
2020-09-03,268.0,274.97,258.69,261.66,261.66,1845517,0.0,1.0
2020-09-02,291.85,294.67,266.08,276.29,276.29,2455724,0.0,1.0
2020-09-01,284.65,293.0,282.0901,291.75,291.75,1234512,0.0,1.0
2020-08-31,280.28,284.9092,278.83,282.16,282.16,882121,0.0,1.0
2020-08-28,276.1,284.615,274.06,279.36,279.36,1378142,0.0,1.0
2020-08-27,278.98,278.99,268.14,272.01,272.01,1243898,0.0,1.0
2020-08-26,268.76,280.0,268.76,278.29,278.29,1314388,0.0,1.0
2020-08-25,267.78,269.27,257.48,268.69,268.69,1265992,0.0,1.0
2020-08-24,276.81,279.24,266.108,269.13,269.13,1249976,0.0,1.0
2020-08-21,271.03,276.8774,268.63,270.98,270.98,1612056,0.0,1.0
2020-08-20,260.0,270.89,258.638,269.33,269.33,1730690,0.0,1.0
2020-08-19,259.98,264.5,256.92,261.72,261.72,1372012,0.0,1.0
2020-08-18,258.96,260.67,253.62,256.8,256.8,989069,0.0,1.0
2020-08-17,254.31,260.98,250.86,259.91,259.91,1341569,0.0,1.0
2020-08-14,255.98,258.59,249.66,251.32,251.32,984170,0.0,1.0
2020-08-13,249.42,254.69,247.3,253.66,253.66,1388673,0.0,1.0
2020-08-12,255.36,265.97,251.69,253.29,253.29,2030929,0.0,1.0
2020-08-11,246.61,262.14,243.5112,253.72,253.72,2621035,0.0,1.0
2020-08-10,251.49,252.95,241.27,248.99,248.99,1389617,0.0,1.0
2020-08-07,256.02,256.19,248.6275,252.12,252.12,1239633,0.0,1.0
2020-08-06,252.53,256.36,249.5,255.32,255.32,1341331,0.0,1.0
2020-08-05,249.84,251.98,246.0,249.25,249.25,1656945,0.0,1.0
2020-08-04,256.96,259.1918,250.01,250.02,250.02,1707171,0.0,1.0
2020-08-03,259.0,259.8,251.51,254.43,254.43,1831319,0.0,1.0
2020-07-31,264.63,265.075,255.09,257.82,257.82,1811692,0.0,1.0
2020-07-30,252.0,264.3199,251.83,261.79,261.79,2667356,0.0,1.0
2020-07-29,254.88,268.585,251.02,262.21,262.21,3970634,0.0,1.0
2020-07-28,270.0,275.85,266.86,267.12,267.12,1860850,0.0,1.0
2020-07-27,275.75,275.75,269.2,272.5,272.5,1562137,0.0,1.0
2020-07-24,266.17,270.8146,257.03,268.74,268.74,2406592,0.0,1.0
2020-07-23,287.55,288.99,266.96,267.54,267.54,2812905,0.0,1.0
2020-07-22,290.67,299.67,286.93,289.62,289.62,5062908,0.0,1.0
2020-07-21,288.41,289.814,276.31,276.38,276.38,2548156,0.0,1.0
2020-07-20,265.53,292.76,265.2,291.19,291.19,4107272,0.0,1.0
2020-07-17,267.08,269.04,261.72,263.23,263.23,1658000,0.0,1.0
2020-07-16,259.27,272.35,258.27,268.68,268.68,2790600,0.0,1.0
2020-07-15,265.0,265.72,254.0,258.5,258.5,1778300,0.0,1.0
2020-07-14,246.31,262.9,243.11,262.8,262.8,3857400,0.0,1.0
2020-07-13,281.4,285.4,258.01,261.19,261.19,2833400,0.0,1.0
2020-07-10,275.45,278.93,273.52,278.24,278.24,1770600,0.0,1.0
2020-07-09,272.77,279.76,268.68,274.79,274.79,2637900,0.0,1.0
2020-07-08,266.57,277.62,262.7,269.26,269.26,3786900,0.0,1.0
2020-07-07,260.1,267.75,255.5,261.99,261.99,2282100,0.0,1.0
2020-07-06,269.8,272.67,257.51,260.26,260.26,5159100,0.0,1.0
2020-07-02,264.5,274.3,263.21,271.49,271.49,4244400,0.0,1.0
2020-07-01,256.0,261.09,254.32,258.9,258.9,3402800,0.0,1.0
2020-06-30,263.34,265.78,253.64,258.19,258.19,3512300,0.0,1.0
2020-06-29,257.37,270.99,255.56,265.14,265.14,4764800,0.0,1.0
2020-06-26,266.6,271.71,254.85,264.95,264.95,6490294,0.0,1.0
2020-06-25,241.92,268.3,241.45,267.47,267.47,8560942,0.0,1.0
2020-06-24,242.68,247.6067,235.11,242.86,242.86,4942714,0.0,1.0
2020-06-23,242.41,257.23,240.5,241.76,241.76,8048082,0.0,1.0
2020-06-22,228.33,238.26,227.0701,236.06,236.06,6323310,0.0,1.0
2020-06-19,234.5,242.25,228.71,231.29,231.29,12859634,0.0,1.0
2020-06-18,209.79,229.54,206.54,225.28,225.28,12316967,0.0,1.0
2020-06-17,187.0,199.99,186.35,199.83,199.83,3134448,0.0,1.0
2020-06-16,190.42,190.92,183.1601,185.48,185.48,1061089,0.0,1.0
2020-06-15,178.23,188.81,177.27,187.88,187.88,1396077,0.0,1.0
2020-06-12,183.86,185.54,177.81,180.07,180.07,907606,0.0,1.0
2020-06-11,184.5,186.92,177.21,178.68,178.68,1723806,0.0,1.0
2020-06-10,192.85,197.2772,187.1,189.4,189.4,2107934,0.0,1.0
2020-06-09,187.79,194.5899,186.12,191.31,191.31,1582778,0.0,1.0
2020-06-08,183.5,187.46,180.5,187.3,187.3,1202073,0.0,1.0
2020-06-05,179.0,184.72,177.505,184.28,184.28,1157705,0.0,1.0
2020-06-04,184.23,188.22,180.3,181.84,181.84,1199490,0.0,1.0
2020-06-03,189.36,191.62,183.51,184.63,184.63,1521526,0.0,1.0
2020-06-02,183.0,189.77,182.9,189.36,189.36,1552237,0.0,1.0
2020-06-01,181.5,185.0,177.45,182.71,182.71,1309598,0.0,1.0
2020-05-29,179.12,181.78,178.07,180.93,180.93,1158182,0.0,1.0
2020-05-28,183.21,185.9,175.73,177.22,177.22,1857194,0.0,1.0
2020-05-27,189.3,190.0,180.13,185.95,185.95,2326496,0.0,1.0
2020-05-26,192.0,192.97,183.76,191.0,191.0,2482455,0.0,1.0
2020-05-22,192.0,194.57,187.0,190.17,190.17,2156268,0.0,1.0
2020-05-21,188.81,196.75,186.91,192.74,192.74,4321746,0.0,1.0
2020-05-20,174.99,190.48,174.01,189.8,189.8,4813878,0.0,1.0
2020-05-19,161.94,179.69,161.57,175.03,175.03,4115439,0.0,1.0
2020-05-18,160.0,163.88,158.72,161.43,161.43,1306459,0.0,1.0
2020-05-15,150.55,159.0,150.16,158.83,158.83,1511491,0.0,1.0
2020-05-14,148.0,152.2,146.94,152.07,152.07,894041,0.0,1.0
2020-05-13,154.63,154.87,146.68,148.98,148.98,974927,0.0,1.0
2020-05-12,157.44,158.365,153.57,153.94,153.94,1099309,0.0,1.0
2020-05-11,152.85,159.02,151.6,156.02,156.02,1294478,0.0,1.0
2020-05-08,149.79,153.27,149.0701,152.15,152.15,912355,0.0,1.0
2020-05-07,150.0,151.67,147.14,148.04,148.04,1421671,0.0,1.0
2020-05-06,146.81,149.9656,146.05,148.48,148.48,1279904,0.0,1.0
2020-05-05,147.36,148.45,144.03,145.02,145.02,1230959,0.0,1.0
2020-05-04,144.07,148.0,143.01,145.31,145.31,1224082,0.0,1.0
2020-05-01,144.5,146.89,143.93,144.84,144.84,2047260,0.0,1.0
2020-04-30,148.94,153.9,146.0,151.57,151.57,2118507,0.0,1.0
2020-04-29,153.0,163.94,152.4201,155.78,155.78,5744080,0.0,1.0
2020-04-28,141.5,143.74,139.2,139.78,139.78,1514828,0.0,1.0
2020-04-27,140.1,141.47,139.01,140.25,140.25,1135455,0.0,1.0
2020-04-24,139.25,140.2,136.62,137.84,137.84,1142245,0.0,1.0
2020-04-23,139.75,141.235,138.13,138.71,138.71,769452,0.0,1.0
2020-04-22,141.54,142.6,139.48,139.74,139.74,899069,0.0,1.0
2020-04-21,142.7,143.67,138.0301,139.14,139.14,1098049,0.0,1.0
2020-04-20,140.69,146.3,140.0,144.54,144.54,1144376,0.0,1.0
2020-04-17,141.22,142.9581,139.07,141.86,141.86,709102,0.0,1.0
2020-04-16,139.95,140.57,136.03,139.49,139.49,1102551,0.0,1.0
2020-04-15,134.17,141.63,133.37,138.78,138.78,1747084,0.0,1.0
2020-04-14,132.05,137.33,130.56,135.93,135.93,1536441,0.0,1.0
2020-04-13,131.77,132.36,128.03,129.83,129.83,1067416,0.0,1.0
2020-04-09,127.62,134.7575,126.5,131.86,131.86,1226226,0.0,1.0
2020-04-08,127.54,129.98,124.07,126.04,126.04,1385677,0.0,1.0
2020-04-07,125.1,129.4,123.5516,127.61,127.61,1539225,0.0,1.0
2020-04-06,120.89,123.47,116.0,122.52,122.52,2315044,0.0,1.0
2020-04-03,122.1,123.3,119.375,122.12,122.12,871690,0.0,1.0
2020-04-02,120.69,125.41,119.26,121.91,121.91,738395,0.0,1.0
2020-04-01,119.81,124.47,116.3,121.61,121.61,1718059,0.0,1.0
2020-03-31,122.0,125.9,120.01,121.44,121.44,1763566,0.0,1.0
2020-03-30,124.4,126.9836,120.03,121.43,121.43,1354885,0.0,1.0
2020-03-27,122.48,126.38,121.5,122.54,122.54,1094210,0.0,1.0
2020-03-26,124.09,127.99,122.605,126.81,126.81,1125553,0.0,1.0
2020-03-25,130.04,131.5,122.32,124.23,124.23,1994379,0.0,1.0
2020-03-24,125.0,133.95,123.1175,129.69,129.69,2680092,0.0,1.0
2020-03-23,123.41,123.41,113.58,118.18,118.18,2207859,0.0,1.0
2020-03-20,129.39,129.69,119.0,124.36,124.36,3669126,0.0,1.0
2020-03-19,119.83,140.36,117.74,129.13,129.13,2504123,0.0,1.0
2020-03-18,111.0,122.61,110.97,121.24,121.24,1990804,0.0,1.0
2020-03-17,118.31,119.84,111.15,118.87,118.87,2493027,0.0,1.0
2020-03-16,118.53,123.89,109.18,117.64,117.64,1735968,0.0,1.0
2020-03-13,133.01,133.01,121.01,131.56,131.56,1439593,0.0,1.0
2020-03-12,125.43,129.88,116.482,126.99,126.99,1836630,0.0,1.0
2020-03-11,139.08,140.81,133.475,135.06,135.06,905483,0.0,1.0
2020-03-10,141.76,142.72,133.19,141.9,141.9,1359036,0.0,1.0
2020-03-09,136.93,145.67,134.0,139.78,139.78,1361698,0.0,1.0
2020-03-06,145.25,146.99,141.57,145.14,145.14,1311463,0.0,1.0
2020-03-05,141.74,149.35,140.27,148.08,148.08,1501634,0.0,1.0
2020-03-04,139.0,144.33,137.23,144.25,144.25,1335986,0.0,1.0
2020-03-03,139.43,142.33,136.09,137.16,137.16,964919,0.0,1.0
2020-03-02,137.98,139.79,134.61,139.34,139.34,1001743,0.0,1.0
2020-02-28,131.06,137.55,129.64,137.12,137.12,1909395,0.0,1.0
2020-02-27,137.01,140.18,134.5,134.51,134.51,1826269,0.0,1.0
2020-02-26,140.92,144.58,140.39,140.49,140.49,1502937,0.0,1.0
2020-02-25,146.83,147.95,141.21,141.8,141.8,2049160,0.0,1.0
2020-02-24,140.48,146.7,139.131,145.33,145.33,1382141,0.0,1.0
2020-02-21,146.76,147.1,143.06,146.95,146.95,1170697,0.0,1.0
2020-02-20,143.35,148.18,142.18,147.86,147.86,1442139,0.0,1.0
2020-02-19,145.57,146.34,143.0,143.36,143.36,1051328,0.0,1.0
2020-02-18,141.5,145.13,140.9,144.63,144.63,1480203,0.0,1.0
2020-02-14,142.72,144.46,140.85,141.0,141.0,1288130,0.0,1.0
2020-02-13,146.89,146.89,141.3,141.5,141.5,1590882,0.0,1.0
2020-02-12,146.16,147.44,144.17,147.08,147.08,1223948,0.0,1.0
2020-02-11,149.35,150.98,145.02,145.77,145.77,1527939,0.0,1.0
2020-02-10,152.63,154.29,147.9,148.33,148.33,1794663,0.0,1.0
2020-02-07,152.79,155.0,150.71,154.55,154.55,2110608,0.0,1.0
2020-02-06,146.62,154.55,145.6,154.37,154.37,2341525,0.0,1.0
2020-02-05,150.0,152.0,145.36,147.0,147.0,4159242,0.0,1.0
2020-02-04,149.05,156.0,148.6471,154.31,154.31,3150151,0.0,1.0
2020-02-03,141.73,146.57,141.5,146.5,146.5,1894463,0.0,1.0
2020-01-31,143.0,143.02,140.1,141.3,141.3,1501149,0.0,1.0
2020-01-30,140.15,142.97,140.0,142.71,142.71,886626,0.0,1.0
2020-01-29,144.94,144.94,141.42,141.57,141.57,1214567,0.0,1.0
2020-01-28,145.0,145.595,143.0601,144.3,144.3,791274,0.0,1.0
2020-01-27,143.1,145.38,141.5,144.34,144.34,1003919,0.0,1.0
2020-01-24,149.35,150.21,145.9,146.63,146.63,1164762,0.0,1.0
2020-01-23,148.0,150.95,147.64,148.97,148.97,1102143,0.0,1.0
2020-01-22,150.0,152.93,147.03,148.12,148.12,1718058,0.0,1.0
2020-01-21,147.5,149.44,145.715,148.95,148.95,1743918,0.0,1.0
2020-01-17,152.08,152.65,146.62,148.34,148.34,1314026,0.0,1.0
2020-01-16,153.35,153.35,150.27,151.84,151.84,701250,0.0,1.0
2020-01-15,149.39,152.82,149.355,152.45,152.45,1037351,0.0,1.0
2020-01-14,151.62,152.13,148.22,149.4,149.4,1048027,0.0,1.0
2020-01-13,152.2,154.115,150.265,150.87,150.87,1880884,0.0,1.0
2020-01-10,157.74,158.66,154.9,156.04,156.04,1046428,0.0,1.0
2020-01-09,157.84,159.98,157.11,157.74,157.74,1630456,0.0,1.0
2020-01-08,156.33,159.48,155.34,158.78,158.78,974544,0.0,1.0
2020-01-07,156.7,157.85,155.01,156.02,156.02,892288,0.0,1.0
2020-01-06,151.49,157.0,150.35,156.72,156.72,1311868,0.0,1.0
2020-01-03,149.5,153.59,149.5,152.5,152.5,1018414,0.0,1.0
2020-01-02,151.0,152.8,149.61,151.62,151.62,662649,0.0,1.0
2019-12-31,149.12,150.21,147.55,149.55,149.55,769269,0.0,1.0
2019-12-30,153.18,153.49,149.67,149.81,149.81,1038115,0.0,1.0
2019-12-27,152.62,154.0,152.51,153.17,153.17,920697,0.0,1.0
2019-12-26,151.89,153.18,151.05,152.52,152.52,752651,0.0,1.0
2019-12-24,150.63,153.01,150.02,151.82,151.82,1007977,0.0,1.0
2019-12-23,150.4,152.0,149.78,150.42,150.42,939167,0.0,1.0
2019-12-20,150.73,150.73,148.805,150.31,150.31,828317,0.0,1.0
2019-12-19,150.65,150.75,148.75,149.68,149.68,1025677,0.0,1.0
2019-12-18,152.76,153.2033,150.44,150.87,150.87,1561782,0.0,1.0
2019-12-17,150.95,152.7,150.2305,151.53,151.53,1431822,0.0,1.0
2019-12-16,148.45,151.4,148.01,150.78,150.78,1223803,0.0,1.0
2019-12-13,146.51,148.36,146.09,147.2,147.2,703297,0.0,1.0
2019-12-12,146.97,148.68,145.7,147.23,147.23,592992,0.0,1.0
2019-12-11,144.96,147.35,141.97,147.13,147.13,764135,0.0,1.0
2019-12-10,145.86,147.92,145.0,145.97,145.97,1450257,0.0,1.0
2019-12-09,147.78,148.89,146.08,146.31,146.31,1373713,0.0,1.0
2019-12-06,147.59,148.1781,146.34,148.09,148.09,724230,0.0,1.0
2019-12-05,146.0,146.9,144.55,146.58,146.58,791607,0.0,1.0
2019-12-04,145.02,148.3623,144.09,144.95,144.95,1506042,0.0,1.0
2019-12-03,140.26,144.15,140.01,143.98,143.98,774630,0.0,1.0
2019-12-02,143.08,143.47,141.48,142.53,142.53,1253955,0.0,1.0
2019-11-29,142.0,143.23,141.594,142.55,142.55,394479,0.0,1.0
2019-11-27,143.08,144.7,142.835,142.93,142.93,1006467,0.0,1.0
2019-11-26,141.87,144.0,141.65,143.83,143.83,973498,0.0,1.0
2019-11-25,139.08,142.71,138.34,141.87,141.87,1239128,0.0,1.0
2019-11-22,140.08,141.89,139.35,140.89,140.89,1575832,0.0,1.0
2019-11-21,138.36,139.4,137.19,139.06,139.06,1583335,0.0,1.0
2019-11-20,136.83,138.53,135.25,138.03,138.03,1820899,0.0,1.0
2019-11-19,140.5,140.5,136.25,136.97,136.97,2119351,0.0,1.0
2019-11-18,144.74,144.89,139.51,140.26,140.26,2305342,0.0,1.0
2019-11-15,148.67,148.82,146.71,147.51,147.51,885603,0.0,1.0
2019-11-14,147.4,149.01,146.6284,148.76,148.76,1417666,0.0,1.0
2019-11-13,145.49,147.79,143.01,146.78,146.78,1071614,0.0,1.0
2019-11-12,144.2,147.44,142.44,146.39,146.39,2002423,0.0,1.0
2019-11-11,146.63,149.4,145.62,146.63,146.63,1477276,0.0,1.0
2019-11-08,147.9,149.33,146.01,147.85,147.85,902804,0.0,1.0
2019-11-07,148.65,149.74,146.26,148.17,148.17,961579,0.0,1.0
2019-11-06,150.0,150.0,145.79,148.48,148.48,1362955,0.0,1.0
2019-11-05,151.67,153.31,150.0,150.37,150.37,2551441,0.0,1.0
2019-11-04,148.68,154.31,148.04,154.15,154.15,3854965,0.0,1.0
2019-11-01,145.0,147.11,143.04,146.92,146.92,1851295,0.0,1.0
2019-10-31,141.8,144.62,138.89,144.3,144.3,1942016,0.0,1.0
2019-10-30,135.86,140.9,135.4601,140.45,140.45,1644354,0.0,1.0
2019-10-29,137.87,137.91,134.09,135.99,135.99,2569997,0.0,1.0
2019-10-28,131.11,143.1499,129.34,140.2,140.2,10796652,0.0,1.0
2019-10-25,119.53,122.0,118.32,120.69,120.69,2319748,0.0,1.0
2019-10-24,119.21,119.42,117.02,118.83,118.83,868439,0.0,1.0
2019-10-23,118.33,119.3,117.2,118.23,118.23,720681,0.0,1.0
2019-10-22,119.63,119.95,117.11,118.01,118.01,1128290,0.0,1.0
2019-10-21,115.73,120.06,115.48,119.0,119.0,1160730,0.0,1.0
2019-10-18,117.91,117.97,114.26,115.33,115.33,802586,0.0,1.0
2019-10-17,117.03,119.11,116.81,117.83,117.83,1133989,0.0,1.0
2019-10-16,118.02,118.71,115.63,116.56,116.56,1064731,0.0,1.0
2019-10-15,115.63,119.1,114.99,118.59,118.59,1515966,0.0,1.0
2019-10-14,115.18,116.27,113.72,115.17,115.17,599188,0.0,1.0
2019-10-11,115.0,118.11,114.83,115.49,115.49,1360111,0.0,1.0
2019-10-10,114.09,115.0,112.03,112.52,112.52,768932,0.0,1.0
2019-10-09,115.61,116.33,113.85,114.24,114.24,934495,0.0,1.0
2019-10-08,115.0,116.21,113.97,115.08,115.08,1251887,0.0,1.0
2019-10-07,116.5,117.72,115.2915,115.86,115.86,1138612,0.0,1.0
2019-10-04,116.1,117.17,113.89,116.42,116.42,2046479,0.0,1.0
2019-10-03,114.0,115.17,110.57,114.82,114.82,1373523,0.0,1.0
2019-10-02,113.22,115.0,112.382,113.9,113.9,2055058,0.0,1.0
2019-10-01,117.41,117.42,112.27,112.52,112.52,1576003,0.0,1.0
2019-09-30,112.05,115.67,110.75,114.0,114.0,1373922,0.0,1.0
2019-09-27,116.74,117.23,111.3043,112.24,112.24,1837180,0.0,1.0
2019-09-26,118.0,119.19,114.76,116.2,116.2,1386128,0.0,1.0
2019-09-25,116.9,118.84,114.76,118.22,118.22,1390805,0.0,1.0
2019-09-24,120.86,121.0,115.0,116.8,116.8,2456801,0.0,1.0
2019-09-23,120.87,122.115,119.26,121.61,121.61,1532571,0.0,1.0
2019-09-20,124.0,125.87,120.63,120.7,120.7,2387824,0.0,1.0
2019-09-19,127.61,128.53,123.9,124.39,124.39,2497412,0.0,1.0
2019-09-18,129.23,130.45,126.03,127.98,127.98,928857,0.0,1.0
2019-09-17,129.05,130.43,125.33,129.08,129.08,1852622,0.0,1.0
2019-09-16,129.92,130.99,128.16,128.17,128.17,892648,0.0,1.0
2019-09-13,129.0,131.8,127.75,130.63,130.63,1221821,0.0,1.0
2019-09-12,132.17,133.18,128.48,128.55,128.55,1187095,0.0,1.0
2019-09-11,130.1,133.19,129.26,132.0,132.0,1180360,0.0,1.0
2019-09-10,133.17,133.57,129.47,130.0,130.0,1751746,0.0,1.0
2019-09-09,136.27,136.27,133.86,134.1,134.1,818027,0.0,1.0
2019-09-06,135.53,136.69,134.72,136.06,136.06,937086,0.0,1.0
2019-09-05,135.62,136.5,134.31,135.68,135.68,701192,0.0,1.0
2019-09-04,133.7,134.79,131.49,133.45,133.45,1260883,0.0,1.0
2019-09-03,134.38,135.1103,132.5,133.41,133.41,885210,0.0,1.0
2019-08-30,136.7,138.24,133.0,134.95,134.95,678935,0.0,1.0
2019-08-29,134.46,137.39,133.66,136.35,136.35,792144,0.0,1.0
2019-08-28,133.5,133.61,130.02,132.67,132.67,1461357,0.0,1.0
2019-08-27,139.64,139.84,132.81,133.88,133.88,1760893,0.0,1.0
2019-08-26,138.67,140.33,136.7301,137.82,137.82,684760,0.0,1.0
2019-08-23,140.0,140.12,135.26,138.02,138.02,1485844,0.0,1.0
2019-08-22,145.38,145.75,140.51,140.95,140.95,1410658,0.0,1.0
2019-08-21,148.78,149.0,145.11,145.76,145.76,968790,0.0,1.0
2019-08-20,149.56,150.68,147.87,148.11,148.11,740886,0.0,1.0
2019-08-19,149.84,151.484,147.72,150.1,150.1,659247,0.0,1.0
2019-08-16,146.63,148.73,146.43,147.74,147.74,641256,0.0,1.0
2019-08-15,146.83,148.205,145.27,145.37,145.37,785181,0.0,1.0
2019-08-14,149.91,149.91,143.52,147.15,147.15,1320827,0.0,1.0
2019-08-13,150.42,154.6819,149.24,152.82,152.82,1234978,0.0,1.0
2019-08-12,153.75,154.19,149.01,151.07,151.07,856772,0.0,1.0
2019-08-09,156.76,157.5,154.5001,155.01,155.01,472040,0.0,1.0
2019-08-08,153.0,157.94,152.48,157.66,157.66,941535,0.0,1.0
2019-08-07,149.37,151.82,148.17,151.78,151.78,953179,0.0,1.0
2019-08-06,150.92,153.0,148.79,151.44,151.44,1088858,0.0,1.0
2019-08-05,149.75,150.81,146.69,150.0,150.0,1552820,0.0,1.0
2019-08-02,154.35,156.5832,151.015,153.47,153.47,953939,0.0,1.0
2019-08-01,154.94,161.38,154.21,155.61,155.61,3540494,0.0,1.0
2019-07-31,148.92,155.68,145.67,154.94,154.94,5241264,0.0,1.0
2019-07-30,151.94,156.205,151.52,155.2,155.2,2009610,0.0,1.0
2019-07-29,155.25,156.39,153.53,153.89,153.89,1078971,0.0,1.0
2019-07-26,153.44,156.55,153.355,155.38,155.38,896641,0.0,1.0
2019-07-25,152.84,155.26,152.07,152.97,152.97,955696,0.0,1.0
2019-07-24,148.71,152.76,147.92,152.34,152.34,1202376,0.0,1.0
2019-07-23,146.65,151.6645,146.52,148.74,148.74,1016377,0.0,1.0
2019-07-22,145.23,146.95,143.82,146.76,146.76,904024,0.0,1.0
2019-07-19,145.7,146.24,143.61,144.11,144.11,906984,0.0,1.0
2019-07-18,147.52,147.97,143.59,145.2,145.2,1406733,0.0,1.0
2019-07-17,151.11,152.31,147.28,148.09,148.09,1164215,0.0,1.0
2019-07-16,154.54,156.8,148.88,151.45,151.45,1393764,0.0,1.0
2019-07-15,152.07,154.38,151.01,154.27,154.27,548277,0.0,1.0
2019-07-12,151.0,153.3,150.48,152.3,152.3,952016,0.0,1.0
2019-07-11,151.36,152.96,149.75,151.46,151.46,945703,0.0,1.0
2019-07-10,148.3,152.5,148.22,151.36,151.36,1196400,0.0,1.0
2019-07-09,144.39,147.3,144.39,147.24,147.24,1349838,0.0,1.0
2019-07-08,145.37,145.4225,142.76,144.29,144.29,1306688,0.0,1.0
2019-07-05,145.52,146.43,144.6528,146.31,146.31,679622,0.0,1.0
2019-07-03,147.02,147.68,144.81,145.86,145.86,576686,0.0,1.0
2019-07-02,145.3,146.43,142.58,146.43,146.43,1144182,0.0,1.0
2019-07-01,148.1,148.7,143.15,145.29,145.29,1296865,0.0,1.0
2019-06-28,143.74,146.22,142.68,146.22,146.22,9156183,0.0,1.0
2019-06-27,143.6,144.99,142.1,143.25,143.25,1490863,0.0,1.0
2019-06-26,143.79,145.95,141.52,142.1,142.1,1468250,0.0,1.0
2019-06-25,149.29,150.2649,143.5,144.16,144.16,1996846,0.0,1.0
2019-06-24,143.0,152.3807,142.5,150.04,150.04,2887134,0.0,1.0
2019-06-21,148.78,149.34,147.23,148.31,148.31,2648108,0.0,1.0
2019-06-20,150.96,154.295,149.0712,149.77,149.77,1664305,0.0,1.0
2019-06-19,147.5,149.54,146.23,149.3,149.3,1006975,0.0,1.0
2019-06-18,150.23,151.26,146.87,147.01,147.01,1559981,0.0,1.0
2019-06-17,145.0,149.85,144.6674,149.5,149.5,2405824,0.0,1.0
2019-06-14,144.0,145.0,141.5,144.59,144.59,1109396,0.0,1.0
2019-06-13,143.01,145.0,140.56,144.85,144.85,1104873,0.0,1.0
2019-06-12,138.28,142.56,137.97,142.5,142.5,1607569,0.0,1.0
2019-06-11,140.34,142.48,137.21,138.6,138.6,1483204,0.0,1.0
2019-06-10,141.0,146.5899,138.47,139.23,139.23,1753076,0.0,1.0
2019-06-07,135.5,140.63,135.045,140.08,140.08,1643477,0.0,1.0
2019-06-06,131.62,135.6834,129.01,135.41,135.41,2333893,0.0,1.0
2019-06-05,128.86,134.9,128.86,131.0,131.0,2283612,0.0,1.0
2019-06-04,123.94,127.99,123.15,127.61,127.61,1351938,0.0,1.0
2019-06-03,125.52,127.13,121.33,122.81,122.81,1399310,0.0,1.0
2019-05-31,125.44,127.27,124.81,125.58,125.58,1073402,0.0,1.0
2019-05-30,126.17,128.625,125.825,127.61,127.61,980813,0.0,1.0
2019-05-29,123.12,126.0,122.52,125.67,125.67,1013804,0.0,1.0
2019-05-28,124.34,125.78,123.69,124.36,124.36,677950,0.0,1.0
2019-05-24,122.9,125.57,122.32,124.65,124.65,1227776,0.0,1.0
2019-05-23,124.55,124.81,120.05,121.58,121.58,2096451,0.0,1.0
2019-05-22,132.05,132.66,126.61,127.09,127.09,2023006,0.0,1.0
2019-05-21,132.75,134.85,132.08,132.24,132.24,904175,0.0,1.0
2019-05-20,131.5,133.44,130.985,131.52,131.52,1056974,0.0,1.0
2019-05-17,133.73,135.0,131.99,132.76,132.76,991398,0.0,1.0
2019-05-16,136.43,138.16,135.05,135.43,135.43,1032365,0.0,1.0
2019-05-15,132.15,136.65,131.33,136.43,136.43,906411,0.0,1.0
2019-05-14,134.21,135.24,131.01,133.58,133.58,1130626,0.0,1.0
2019-05-13,133.99,134.68,132.03,132.39,132.39,1371709,0.0,1.0
2019-05-10,134.69,138.18,134.34,137.85,137.85,1296880,0.0,1.0
2019-05-09,135.61,136.43,132.45,134.83,134.83,1304305,0.0,1.0
2019-05-08,135.57,137.9,134.5,137.71,137.71,847670,0.0,1.0
2019-05-07,135.13,137.27,134.36,136.06,136.06,1013982,0.0,1.0
2019-05-06,132.96,137.345,131.94,137.0,137.0,1157822,0.0,1.0
2019-05-03,132.77,137.24,132.77,136.17,136.17,1411346,0.0,1.0
2019-05-02,136.5,136.7,131.86,132.7,132.7,1287883,0.0,1.0
2019-05-01,136.5,137.29,135.07,136.5,136.5,1482384,0.0,1.0
2019-04-30,138.35,140.83,133.8,135.77,135.77,1678636,0.0,1.0
2019-04-29,144.4,145.46,134.2101,138.14,138.14,6689595,0.0,1.0
2019-04-26,134.0,139.225,133.23,138.25,138.25,2844608,0.0,1.0
2019-04-25,134.5,136.35,132.2108,132.82,132.82,1675271,0.0,1.0
2019-04-24,138.48,138.79,134.14,135.62,135.62,1693704,0.0,1.0
2019-04-23,134.96,139.85,134.43,138.79,138.79,1704491,0.0,1.0
2019-04-22,136.2,136.905,133.95,135.92,135.92,1634154,0.0,1.0
2019-04-18,137.46,139.75,134.66,139.65,139.65,1119159,0.0,1.0
2019-04-17,139.91,140.2,136.67,137.69,137.69,972088,0.0,1.0
2019-04-16,138.67,140.49,136.85,139.41,139.41,1172676,0.0,1.0
2019-04-15,141.0,141.95,137.2,138.55,138.55,2024188,0.0,1.0
2019-04-12,142.71,146.2,142.26,144.95,144.95,904672,0.0,1.0
2019-04-11,143.71,144.3559,140.5001,141.8,141.8,913390,0.0,1.0
2019-04-10,141.35,145.44,140.47,143.57,143.57,1056709,0.0,1.0
2019-04-09,141.71,143.37,140.63,141.34,141.34,907101,0.0,1.0
2019-04-08,140.85,144.36,139.78,142.28,142.28,753729,0.0,1.0
2019-04-05,141.44,144.25,140.91,141.13,141.13,2196851,0.0,1.0
2019-04-04,143.39,143.58,138.87,140.27,140.27,1289660,0.0,1.0
2019-04-03,143.19,145.51,142.55,143.82,143.82,1367382,0.0,1.0
2019-04-02,140.65,143.5,139.5,142.55,142.55,1361566,0.0,1.0
2019-04-01,139.93,141.0,137.95,140.06,140.06,1473033,0.0,1.0
2019-03-29,135.59,139.71,135.1,138.8,138.8,1666458,0.0,1.0
2019-03-28,133.85,137.88,132.97,137.64,137.64,1258010,0.0,1.0
2019-03-27,138.03,138.54,131.78,133.35,133.35,2071865,0.0,1.0
2019-03-26,142.1,143.0,136.4,137.45,137.45,1775829,0.0,1.0
2019-03-25,137.75,143.49,135.7,142.1,142.1,1906867,0.0,1.0
2019-03-22,142.75,142.85,137.03,139.0,139.0,2243040,0.0,1.0
2019-03-21,142.42,145.0,141.52,143.99,143.99,1106333,0.0,1.0
2019-03-20,141.39,144.38,139.7,143.9,143.9,1139112,0.0,1.0
2019-03-19,140.63,142.485,139.07,141.55,141.55,1682584,0.0,1.0
2019-03-18,141.92,143.3248,138.1,139.18,139.18,1151857,0.0,1.0
2019-03-15,141.61,144.47,140.6,141.91,141.91,1346599,0.0,1.0
2019-03-14,144.24,144.55,140.01,140.24,140.24,1184456,0.0,1.0
2019-03-13,146.96,147.22,143.23,143.49,143.49,1266990,0.0,1.0
2019-03-12,146.62,147.79,144.82,145.33,145.33,796098,0.0,1.0
2019-03-11,140.18,147.39,140.15,146.36,146.36,1523928,0.0,1.0
2019-03-08,138.39,141.25,138.1,140.18,140.18,1129050,0.0,1.0
2019-03-07,144.1,145.0,138.4,140.18,140.18,1588891,0.0,1.0
2019-03-06,143.85,146.6,142.3932,145.12,145.12,1233748,0.0,1.0
2019-03-05,139.42,146.2,139.42,143.6,143.6,1712966,0.0,1.0
2019-03-04,138.45,140.2244,136.68,139.23,139.23,1415700,0.0,1.0
2019-03-01,139.21,141.0,135.22,138.0,138.0,3306385,0.0,1.0
2019-02-28,145.65,146.015,139.41,140.14,140.14,2110563,0.0,1.0
2019-02-27,145.0,147.7,142.85,145.0,145.0,1830244,0.0,1.0
2019-02-26,145.84,147.94,142.0,145.07,145.07,1587347,0.0,1.0
2019-02-25,152.0,153.44,148.5,149.33,149.33,1188740,0.0,1.0
2019-02-22,149.0,152.57,148.8,151.19,151.19,1961435,0.0,1.0
2019-02-21,147.55,149.86,146.65,148.52,148.52,1039623,0.0,1.0
2019-02-20,146.5,148.66,145.65,147.83,147.83,1230395,0.0,1.0
2019-02-19,148.0,149.805,145.65,146.28,146.28,1223384,0.0,1.0
2019-02-15,147.96,148.64,144.69,148.52,148.52,2056064,0.0,1.0
2019-02-14,143.25,148.985,143.0,146.87,146.87,2943585,0.0,1.0
2019-02-13,142.13,144.13,141.11,143.54,143.54,2165795,0.0,1.0
2019-02-12,139.0,143.37,137.9,140.46,140.46,2483299,0.0,1.0
2019-02-11,136.65,138.9,136.09,137.82,137.82,3154834,0.0,1.0
2019-02-08,129.52,135.74,128.9708,134.71,134.71,1989903,0.0,1.0
2019-02-07,134.97,135.0,128.7,131.19,131.19,2515176,0.0,1.0
2019-02-06,129.9,137.35,129.6,135.45,135.45,7575306,0.0,1.0
2019-02-05,140.0,141.0,137.63,139.4,139.4,1844466,0.0,1.0
2019-02-04,137.74,141.41,137.2,138.6,138.6,1245395,0.0,1.0
2019-02-01,135.12,138.79,133.45,137.21,137.21,1783803,0.0,1.0
2019-01-31,136.52,140.6999,135.31,135.45,135.45,2174029,0.0,1.0
2019-01-30,133.97,137.49,133.55,136.47,136.47,1456233,0.0,1.0
2019-01-29,133.72,134.1,129.7562,132.46,132.46,790934,0.0,1.0
2019-01-28,134.04,134.41,130.9,133.25,133.25,1512653,0.0,1.0
2019-01-25,134.28,135.65,133.0,134.67,134.67,997331,0.0,1.0
2019-01-24,131.0,133.56,130.15,132.7,132.7,708075,0.0,1.0
2019-01-23,134.2,135.5,128.535,130.92,130.92,1159580,0.0,1.0
2019-01-22,132.61,134.77,131.76,133.8,133.8,1255560,0.0,1.0
2019-01-18,135.0,136.0,132.5795,133.66,133.66,1314443,0.0,1.0
2019-01-17,133.02,135.35,132.53,133.25,133.25,1372430,0.0,1.0
2019-01-16,132.02,134.56,130.15,134.25,134.25,2152451,0.0,1.0
2019-01-15,129.27,132.42,128.64,131.25,131.25,2979922,0.0,1.0
2019-01-14,120.2,128.0,118.57,126.71,126.71,2474581,0.0,1.0
2019-01-11,123.0,124.36,118.29,120.52,120.52,1414551,0.0,1.0
2019-01-10,122.35,124.97,119.59,123.93,123.93,1347068,0.0,1.0
2019-01-09,118.6,124.38,118.1611,122.69,122.69,1276739,0.0,1.0
2019-01-08,121.44,122.77,114.7,117.48,117.48,1257095,0.0,1.0
2019-01-07,115.04,123.8663,113.28,119.36,119.36,2516626,0.0,1.0
2019-01-04,112.06,121.47,111.5,118.51,118.51,2484800,0.0,1.0
2019-01-03,112.08,113.345,108.59,109.02,109.02,1082285,0.0,1.0
2019-01-02,111.66,115.63,110.36,113.74,113.74,861548,0.0,1.0
2018-12-31,114.42,116.25,112.27,113.5,113.5,1397783,0.0,1.0
2018-12-28,114.07,114.6745,110.3374,112.16,112.16,970986,0.0,1.0
2018-12-27,112.66,114.45,109.5,113.82,113.82,1498158,0.0,1.0
2018-12-26,108.74,114.06,106.775,114.04,114.04,1463860,0.0,1.0
2018-12-24,104.8,110.4099,103.29,107.75,107.75,944212,0.0,1.0
2018-12-21,114.18,114.37,104.06,106.84,106.84,3379143,0.0,1.0
2018-12-20,117.5,118.99,111.85,114.53,114.53,2298960,0.0,1.0
2018-12-19,120.77,124.3599,115.86,118.67,118.67,1768267,0.0,1.0
2018-12-18,120.63,122.86,119.8936,120.51,120.51,1431161,0.0,1.0
2018-12-17,123.54,124.95,120.0,120.47,120.47,1251122,0.0,1.0
2018-12-14,123.85,127.4,122.24,125.68,125.68,917007,0.0,1.0
2018-12-13,129.78,130.12,124.71,125.55,125.55,1171222,0.0,1.0
2018-12-12,130.3,133.78,128.03,128.47,128.47,1656504,0.0,1.0
2018-12-11,133.81,133.81,126.41,128.37,128.37,2356285,0.0,1.0
2018-12-10,134.2,136.84,130.1,130.79,130.79,1464973,0.0,1.0
2018-12-07,136.89,139.8,133.58,135.31,135.31,1115805,0.0,1.0
2018-12-06,132.0,137.29,129.01,136.83,136.83,1543508,0.0,1.0
2018-12-04,141.04,143.95,134.13,134.5,134.5,1601604,0.0,1.0
2018-12-03,140.87,144.49,139.19,140.68,140.68,1488181,0.0,1.0
2018-11-30,138.5,138.8934,133.18,136.38,136.38,1064335,0.0,1.0
2018-11-29,137.08,140.88,137.0,138.96,138.96,972116,0.0,1.0
2018-11-28,141.0,141.3,133.02,138.24,138.24,1693422,0.0,1.0
2018-11-27,136.71,139.5,134.54,138.75,138.75,1174000,0.0,1.0
2018-11-26,131.0,138.6,130.96,138.0,138.0,1360654,0.0,1.0
2018-11-23,130.11,133.0,128.52,129.41,129.41,422235,0.0,1.0
2018-11-21,130.76,133.645,129.41,131.98,131.98,1455998,0.0,1.0
2018-11-20,120.55,131.21,120.49,129.7,129.7,2463276,0.0,1.0
2018-11-19,133.89,134.39,125.7,126.7,126.7,1556100,0.0,1.0
2018-11-16,134.73,137.4899,132.67,134.21,134.21,868477,0.0,1.0
2018-11-15,132.48,138.2862,132.25,136.96,136.96,1070638,0.0,1.0
2018-11-14,134.26,136.74,132.03,134.01,134.01,1304037,0.0,1.0
2018-11-13,132.27,136.06,130.5201,131.63,131.63,1106280,0.0,1.0
2018-11-12,136.84,137.45,126.75,131.31,131.31,2657331,0.0,1.0
2018-11-09,135.07,138.84,133.05,138.06,138.06,2571610,0.0,1.0
2018-11-08,144.57,144.96,135.2901,137.0,137.0,2444189,0.0,1.0
2018-11-07,144.2,147.27,142.16,145.77,145.77,2330933,0.0,1.0
2018-11-06,142.74,145.3899,138.15,142.61,142.61,1749802,0.0,1.0
2018-11-05,140.54,143.86,137.4,143.6,143.6,1952634,0.0,1.0
2018-11-02,140.41,143.88,137.88,138.99,138.99,2239159,0.0,1.0
2018-11-01,133.4,145.0,133.25,141.16,141.16,8785822,0.0,1.0
2018-10-31,142.07,152.49,141.92,149.69,149.69,3165255,0.0,1.0
2018-10-30,137.05,142.23,131.01,141.68,141.68,3071405,0.0,1.0
2018-10-29,148.79,148.79,137.01,139.11,139.11,2306910,0.0,1.0
2018-10-26,143.75,149.05,141.75,146.24,146.24,1326828,0.0,1.0
2018-10-25,149.0,152.0,147.88,149.68,149.68,1195887,0.0,1.0
2018-10-24,153.94,155.0,145.73,146.32,146.32,1652435,0.0,1.0
2018-10-23,143.7,153.62,140.32,153.25,153.25,2404166,0.0,1.0
2018-10-22,149.5,151.865,146.53,148.54,148.54,1426756,0.0,1.0
2018-10-19,154.08,156.31,148.2103,148.93,148.93,2018830,0.0,1.0
2018-10-18,157.46,158.3,149.83,152.49,152.49,2317926,0.0,1.0
2018-10-17,168.09,168.1,157.45,159.28,159.28,2084009,0.0,1.0
2018-10-16,160.86,165.49,156.73,164.75,164.75,1635983,0.0,1.0
2018-10-15,160.4,162.6,157.41,159.25,159.25,1350123,0.0,1.0
2018-10-12,157.6,161.86,155.44,158.49,158.49,2775334,0.0,1.0
2018-10-11,147.2,153.58,146.5,152.27,152.27,2993263,0.0,1.0
2018-10-10,160.64,160.64,149.05,149.48,149.48,3193992,0.0,1.0
2018-10-09,161.58,165.33,160.36,161.53,161.53,1214636,0.0,1.0
2018-10-08,162.31,165.9,156.73,163.47,163.47,1850643,0.0,1.0
2018-10-05,167.95,169.9,162.22,164.38,164.38,2395648,0.0,1.0
2018-10-04,174.46,175.6,167.31,168.58,168.58,1955216,0.0,1.0
2018-10-03,179.26,180.66,173.534,176.95,176.95,1673915,0.0,1.0
2018-10-02,179.39,181.0,178.07,178.88,178.88,831012,0.0,1.0
2018-10-01,182.62,184.95,179.31,180.4,180.4,1022957,0.0,1.0
2018-09-28,183.06,183.44,180.22,180.83,180.83,1163766,0.0,1.0
2018-09-27,182.84,185.92,182.51,184.41,184.41,964907,0.0,1.0
2018-09-26,181.76,184.26,181.66,182.05,182.05,836994,0.0,1.0
2018-09-25,178.83,183.09,178.15,179.91,179.91,1178476,0.0,1.0
2018-09-24,172.97,178.59,172.01,176.97,176.97,1151861,0.0,1.0
2018-09-21,175.41,176.48,173.1516,175.02,175.02,1424952,0.0,1.0
2018-09-20,171.54,174.52,168.0001,172.64,172.64,1283243,0.0,1.0
2018-09-19,175.33,176.48,168.96,171.14,171.14,2615225,0.0,1.0
2018-09-18,175.62,179.43,175.34,175.52,175.52,1156938,0.0,1.0
2018-09-17,179.41,181.99,174.41,175.1,175.1,1318746,0.0,1.0
2018-09-14,185.0,185.53,180.11,180.63,180.63,1126779,0.0,1.0
2018-09-13,185.0,187.35,184.01,184.89,184.89,1021440,0.0,1.0
2018-09-12,181.92,184.14,178.16,183.79,183.79,1093010,0.0,1.0
2018-09-11,180.01,184.31,177.83,182.67,182.67,1413828,0.0,1.0
2018-09-10,179.53,183.19,174.23,182.49,182.49,1175185,0.0,1.0
2018-09-07,172.99,179.69,171.535,177.8,177.8,1185595,0.0,1.0
2018-09-06,178.0,178.0399,171.47,175.56,175.56,1698579,0.0,1.0
2018-09-05,186.57,186.57,177.1,177.36,177.36,2312561,0.0,1.0
2018-09-04,190.0,190.31,185.6,187.53,187.53,1430427,0.0,1.0
2018-08-31,190.12,191.1091,188.305,189.52,189.52,710874,0.0,1.0
2018-08-30,191.45,192.4444,189.32,189.85,189.85,803935,0.0,1.0
2018-08-29,193.47,193.95,189.24,191.26,191.26,1290261,0.0,1.0
2018-08-28,195.07,195.07,190.0,191.96,191.96,1014956,0.0,1.0
2018-08-27,194.0,196.95,193.54,194.69,194.69,1773103,0.0,1.0
2018-08-24,191.0,193.92,190.75,192.38,192.38,1454923,0.0,1.0
2018-08-23,191.67,194.4,189.5708,190.0,190.0,980275,0.0,1.0
2018-08-22,190.95,192.0,188.21,191.03,191.03,1025610,0.0,1.0
2018-08-21,187.87,190.58,186.5,190.38,190.38,990008,0.0,1.0
2018-08-20,188.55,189.5399,184.34,186.4,186.4,1050462,0.0,1.0
2018-08-17,187.93,191.021,186.6,188.37,188.37,1489631,0.0,1.0
2018-08-16,192.5,194.18,190.6124,192.36,192.36,549388,0.0,1.0
2018-08-15,195.27,195.87,187.12,190.33,190.33,1752650,0.0,1.0
2018-08-14,193.0,194.89,189.44,193.75,193.75,1271911,0.0,1.0
2018-08-13,189.0,196.0,188.51,191.55,191.55,3156645,0.0,1.0
2018-08-10,185.52,189.5,185.39,189.06,189.06,1558758,0.0,1.0
2018-08-09,179.07,190.0,177.5843,187.38,187.38,2595085,0.0,1.0
2018-08-08,178.75,179.81,177.34,178.7,178.7,584570,0.0,1.0
2018-08-07,180.28,184.49,179.0,179.52,179.52,894830,0.0,1.0
2018-08-06,175.5,181.13,175.5,179.95,179.95,1032136,0.0,1.0
2018-08-03,179.95,180.12,174.65,175.5,175.5,1337879,0.0,1.0
2018-08-02,179.63,181.2,177.9,179.71,179.71,1391685,0.0,1.0
2018-08-01,183.53,185.49,179.82,180.12,180.12,1140512,0.0,1.0
2018-07-31,177.27,183.87,175.4,182.83,182.83,2233466,0.0,1.0
2018-07-30,187.7,189.34,175.31,176.79,176.79,2978485,0.0,1.0
2018-07-27,195.73,196.56,182.49,186.27,186.27,4125005,0.0,1.0
2018-07-26,191.86,198.99,187.05,196.28,196.28,5029013,0.0,1.0
2018-07-25,185.55,188.09,184.5,187.99,187.99,2019703,0.0,1.0
2018-07-24,188.01,190.8,186.07,187.81,187.81,2174399,0.0,1.0
2018-07-23,184.97,190.0,183.5,188.05,188.05,1754107,0.0,1.0
2018-07-20,183.83,185.65,182.27,182.79,182.79,843733,0.0,1.0
2018-07-19,185.18,186.8097,182.05,182.19,182.19,877252,0.0,1.0
2018-07-18,187.8,188.389,184.95,186.15,186.15,920498,0.0,1.0
2018-07-17,180.72,187.48,178.61,187.05,187.05,1813297,0.0,1.0
2018-07-16,186.78,187.62,184.03,184.22,184.22,1141647,0.0,1.0
2018-07-13,188.6,188.86,183.95,187.21,187.21,1313254,0.0,1.0
2018-07-12,183.65,189.97,183.2401,188.35,188.35,3506046,0.0,1.0
2018-07-11,179.3,183.24,178.5,182.35,182.35,1998982,0.0,1.0
2018-07-10,177.09,181.5,176.0101,180.43,180.43,1542098,0.0,1.0
2018-07-09,178.35,178.71,172.81,177.44,177.44,1388926,0.0,1.0
2018-07-06,174.52,177.295,174.03,175.7,175.7,1093038,0.0,1.0
2018-07-05,169.71,176.44,169.6,176.44,176.44,1299919,0.0,1.0
2018-07-03,171.07,171.23,168.24,168.66,168.66,508411,0.0,1.0
2018-07-02,165.8,170.79,162.03,170.69,170.69,1171271,0.0,1.0
2018-06-29,170.75,171.94,167.84,168.24,168.24,862313,0.0,1.0
2018-06-28,170.48,170.94,165.7101,167.7,167.7,1646009,0.0,1.0
2018-06-27,177.82,181.72,171.58,172.15,172.15,1778168,0.0,1.0
2018-06-26,174.37,177.0,172.54,175.98,175.98,1658913,0.0,1.0
2018-06-25,180.0,180.0,166.0,170.37,170.37,2878754,0.0,1.0
2018-06-22,181.8,182.45,177.4017,180.94,180.94,1477254,0.0,1.0
2018-06-21,179.0,182.18,177.195,179.53,179.53,3782027,0.0,1.0
2018-06-20,172.88,176.77,170.5,176.4,176.4,2365125,0.0,1.0
2018-06-19,171.53,173.25,167.06,169.89,169.89,1627702,0.0,1.0
2018-06-18,173.46,175.95,171.2694,174.35,174.35,940119,0.0,1.0
2018-06-15,175.81,176.925,172.0,175.02,175.02,1983171,0.0,1.0
2018-06-14,169.5,180.02,169.49,178.1,178.1,4311617,0.0,1.0
2018-06-13,172.17,172.749,170.0,170.82,170.82,1230729,0.0,1.0
2018-06-12,173.0,175.93,169.89,170.23,170.23,2231499,0.0,1.0
2018-06-11,171.5,172.75,169.22,172.37,172.37,2347354,0.0,1.0
2018-06-08,165.5,172.93,165.04,171.48,171.48,3528861,0.0,1.0
2018-06-07,168.75,168.75,164.6634,166.03,166.03,2207399,0.0,1.0
2018-06-06,164.09,165.64,159.205,165.64,165.64,2264419,0.0,1.0
2018-06-05,162.5,165.06,161.23,164.96,164.96,1694408,0.0,1.0
2018-06-04,159.54,162.97,158.1,162.83,162.83,2016902,0.0,1.0
2018-06-01,158.9,161.81,157.35,159.24,159.24,1952391,0.0,1.0
2018-05-31,156.82,158.845,155.15,157.71,157.71,1446790,0.0,1.0
2018-05-30,156.6,156.93,153.71,156.38,156.38,1085629,0.0,1.0
2018-05-29,156.1,156.56,152.63,154.62,154.62,1314252,0.0,1.0
2018-05-25,155.71,157.75,154.7,156.6,156.6,1288458,0.0,1.0
2018-05-24,154.32,156.865,153.34,154.59,154.59,1083312,0.0,1.0
2018-05-23,150.43,154.56,150.0,154.37,154.37,1202589,0.0,1.0
2018-05-22,150.63,153.39,150.05,150.43,150.43,1194378,0.0,1.0
2018-05-21,153.36,153.74,149.98,150.22,150.22,1948712,0.0,1.0
2018-05-18,160.0,160.05,150.78,150.8,150.8,4157545,0.0,1.0
2018-05-17,159.17,159.48,156.75,158.76,158.76,2470912,0.0,1.0
2018-05-16,158.16,163.0,158.08,161.39,161.39,2077833,0.0,1.0
2018-05-15,156.75,160.99,155.324,158.71,158.71,2976152,0.0,1.0
2018-05-14,159.48,164.95,156.77,159.97,159.97,4753257,0.0,1.0
2018-05-11,158.0,158.24,155.28,156.77,156.77,1601292,0.0,1.0
2018-05-10,151.4,159.95,150.35,158.13,158.13,3606635,0.0,1.0
2018-05-09,150.52,150.97,148.49,150.07,150.07,1857367,0.0,1.0
2018-05-08,151.02,154.65,150.26,150.64,150.64,2460300,0.0,1.0
2018-05-07,154.5,154.71,148.061,150.0,150.0,5623726,0.0,1.0
2018-05-04,161.11,161.11,152.56,154.26,154.26,4292560,0.0,1.0
2018-05-03,154.121,161.11,151.11,160.38,160.38,11094790,0.0,1.0
2018-05-02,166.52,171.23,166.0,170.0,170.0,6942756,0.0,1.0
2018-05-01,162.12,165.17,161.2101,164.88,164.88,2963882,0.0,1.0
2018-04-30,161.51,162.88,159.7,161.67,161.67,3638394,0.0,1.0
2018-04-27,157.37,160.0,157.0,159.98,159.98,1737785,0.0,1.0
2018-04-26,153.0,157.8,151.32,156.6,156.6,1277163,0.0,1.0
2018-04-25,153.95,154.6,150.0592,153.33,153.33,1884547,0.0,1.0
2018-04-24,159.0,159.26,153.52,155.07,155.07,1180356,0.0,1.0
2018-04-23,159.4,160.68,154.606,158.04,158.04,2436489,0.0,1.0
2018-04-20,152.35,159.0,151.23,158.45,158.45,2339028,0.0,1.0
2018-04-19,154.4,155.03,152.01,153.47,153.47,1057197,0.0,1.0
2018-04-18,149.94,155.99,149.56,154.91,154.91,2235263,0.0,1.0
2018-04-17,146.02,149.84,146.0,148.49,148.49,1743529,0.0,1.0
2018-04-16,150.0,150.0,142.74,144.32,144.32,1454716,0.0,1.0
2018-04-13,149.8,150.42,148.05,149.0,149.0,1608056,0.0,1.0
2018-04-12,150.25,151.0,148.65,149.1,149.1,1373985,0.0,1.0
2018-04-11,154.0,154.15,147.5,149.57,149.57,1873960,0.0,1.0
2018-04-10,152.0,156.74,151.1327,154.9,154.9,2979958,0.0,1.0
2018-04-09,149.5,151.0,148.59,150.0,150.0,2051432,0.0,1.0
2018-04-06,146.07,148.73,144.67,147.92,147.92,4228091,0.0,1.0
2018-04-05,149.23,152.41,141.25,143.99,143.99,7372840,0.0,1.0
2018-04-04,140.0,148.93,135.51,144.22,144.22,11702875,0.0,1.0
2018-04-03,165.9,169.0,148.26,149.01,149.01,30526507,0.0,1.0
